City,Product Type,Trip or Order Status,Request Time,Begin Trip Time,Begin Trip Lat,Begin Trip Lng,Begin Trip Address,Dropoff Time,Dropoff Lat,Dropoff Lng,Dropoff Address,Distance (miles),Fare Amount,Fare Currency
237,UberX,COMPLETED,2021-10-06 15:52:24 +0000 UTC,2021-10-06 15:57:27 +0000 UTC,42.275936,-83.734665,"530 Church St, Ann Arbor, MI 48109, US",2021-10-06 16:11:33 +0000 UTC,42.2314,-83.73828,"3850 Research Park Dr, Ann Arbor, MI 48108, US",3.62,11.32,USD
237,UberX,CANCELED,2021-10-06 12:36:19 +0000 UTC,1970-01-01 00:00:00 +0000 UTC,42.24991,-83.64769,"765 N Hewitt Rd, Ypsilanti, MI 48197, US",1970-01-01 00:00:00 +0000 UTC,42.24646544456482,-83.6304783821106,"105 S State St, Ann Arbor, MI 48109, US",0.00,0,USD
237,UberX,COMPLETED,2021-10-04 02:13:45 +0000 UTC,2021-10-04 02:17:56 +0000 UTC,42.27155,-83.74069,"804 S State St, Ann Arbor, MI 48104, US",2021-10-04 02:25:11 +0000 UTC,42.231,-83.73859,"3850 Research Park Dr, Ann Arbor, MI 48108, US",3.15,17.6,USD
237,UberX,COMPLETED,2021-10-03 22:05:08 +0000 UTC,2021-10-03 22:17:01 +0000 UTC,42.231014,-83.7386,"3850 Research Park Dr, Ann Arbor, MI 48108, US",2021-10-03 22:24:58 +0000 UTC,42.271656,-83.74056,"814 S State St, Ann Arbor, MI 48104, US",2.99,10.86,USD
237,UberEATS Marketplace,COMPLETED,2021-10-03 18:14:51 +0000 UTC,2021-10-03 19:18:02 +0000 UTC,42.2309704,-83.7383924,"414 S Main St, Ann Arbor, MI 48104, US",2021-10-03 19:18:02 +0000 UTC,42.2309704,-83.7383924,"3850 Research Park Dr, Ann Arbor, MI 48108, US",3.25,54.58,USD
237,UberX,COMPLETED,2021-10-02 15:59:44 +0000 UTC,2021-10-02 16:07:13 +0000 UTC,42.271713,-83.74069,"804 S State St, Ann Arbor, MI 48104, US",2021-10-02 16:17:20 +0000 UTC,42.23101,-83.738625,"3850 Research Park Dr, Ann Arbor, MI 48108, US",3.22,10.82,USD
237,UberX,COMPLETED,2021-10-01 23:09:03 +0000 UTC,2021-10-01 23:23:26 +0000 UTC,42.23107,-83.73855,"3850 Research Park Dr, Ann Arbor, MI 48108, US",2021-10-01 23:38:40 +0000 UTC,42.27491,-83.73456,"1140 S University Ave, Ann Arbor, MI 48104, US",3.84,13.99,USD
237,UberX,COMPLETED,2021-10-01 17:42:45 +0000 UTC,2021-10-01 17:47:31 +0000 UTC,42.27507,-83.73749,"919 S University Ave, Ann Arbor, MI 48109, US",2021-10-01 18:00:52 +0000 UTC,42.231,-83.738625,"3850 Research Park Dr, Ann Arbor, MI 48108, US",3.58,16.9,USD
237,UberX,COMPLETED,2021-10-01 04:11:45 +0000 UTC,2021-10-01 04:17:44 +0000 UTC,42.23096,-83.73863,"3850 Research Park Dr, Ann Arbor, MI 48108, US",2021-10-01 04:24:23 +0000 UTC,42.27146,-83.74057,"814 S State St, Ann Arbor, MI 48104, US",3.03,10.24,USD
237,UberX,COMPLETED,2021-10-01 03:04:37 +0000 UTC,2021-10-01 03:10:44 +0000 UTC,42.27097,-83.738846,"804 S State St, Ann Arbor, MI 48104, US",2021-10-01 03:19:54 +0000 UTC,42.230995,-83.73863,"3850 Research Park Dr, Ann Arbor, MI 48108, US",3.53,10.62,USD
237,UberX,CANCELED,2021-09-30 22:45:22 +0000 UTC,1970-01-01 00:00:00 +0000 UTC,42.254,-83.634094,"Cornell Rd & Cornell Cts, Ypsilanti, Michigan 48197, US",1970-01-01 00:00:00 +0000 UTC,42.25480318069458,-83.63412618637085,"541 Thompson St, Ann Arbor, MI 48109, US",0.00,0,USD
237,UberX,CANCELED,2021-09-30 22:42:24 +0000 UTC,1970-01-01 00:00:00 +0000 UTC,42.247257,-83.63564,"Calle Azteca Nte Loc 8 13, Cuautlancingo, 72700 Cuautlancingo, Puebla",1970-01-01 00:00:00 +0000 UTC,42.25222456455231,-83.63405442237854,"541 Thompson St, Ann Arbor, MI 48109, US",0.00,0,USD
237,UberX,CANCELED,2021-09-30 03:37:23 +0000 UTC,1970-01-01 00:00:00 +0000 UTC,,,,1970-01-01 00:00:00 +0000 UTC,,,"3850 Research Park Dr, Ann Arbor, MI 48108, US",0.00,0,USD
237,UberX,COMPLETED,2021-09-30 00:20:56 +0000 UTC,2021-09-30 00:38:19 +0000 UTC,42.2311,-83.73858,"3850 Research Park Dr, Ann Arbor, MI 48108, US",2021-09-30 00:48:51 +0000 UTC,42.2794,-83.74279,"505 E Liberty St Ste 200, Ann Arbor, MI 48104, US",3.68,12.59,USD
237,UberX,COMPLETED,2021-09-29 15:50:05 +0000 UTC,2021-09-29 15:52:28 +0000 UTC,42.27587,-83.73463,"530 Church St, Ann Arbor, MI 48109, US",2021-09-29 16:06:11 +0000 UTC,42.23101,-83.73861,"3850 Research Park Dr, Ann Arbor, MI 48108, US",3.73,11.69,USD
237,UberX,COMPLETED,2021-09-29 12:36:26 +0000 UTC,2021-09-29 12:50:44 +0000 UTC,42.23098,-83.73863,"3850 Research Park Dr, Ann Arbor, MI 48108, US",2021-09-29 13:05:25 +0000 UTC,42.28029,-83.73942,"105 S State St, Ann Arbor, MI 48109, US",3.66,15.38,USD
237,UberX,COMPLETED,2021-09-28 18:45:49 +0000 UTC,2021-09-28 18:51:37 +0000 UTC,42.27505,-83.73737,"919 S University Ave, Ann Arbor, MI 48109, US",2021-09-28 19:03:12 +0000 UTC,42.230957,-83.73859,"3850 Research Park Dr, Ann Arbor, MI 48108, US",3.49,9.66,USD
237,UberX,COMPLETED,2021-09-28 12:33:17 +0000 UTC,2021-09-28 12:46:54 +0000 UTC,42.23103,-83.7386,"3850 Research Park Dr, Ann Arbor, MI 48108, US",2021-09-28 12:59:15 +0000 UTC,42.280266,-83.73942,"105 S State St, Ann Arbor, MI 48109, US",3.71,11.99,USD
237,UberX,COMPLETED,2021-09-28 10:35:14 +0000 UTC,2021-09-28 10:39:53 +0000 UTC,42.2717,-83.7407,"804 S State St, Ann Arbor, MI 48104, US",2021-09-28 10:47:52 +0000 UTC,42.23094,-83.73861,"3850 Research Park Dr, Ann Arbor, MI 48108, US",3.14,10.64,USD
237,UberX,COMPLETED,2021-09-27 14:27:44 +0000 UTC,2021-09-27 14:41:51 +0000 UTC,42.23055,-83.73861,"3850 Research Park Dr, Ann Arbor, MI 48108, US",2021-09-27 14:52:18 +0000 UTC,42.27591,-83.73457,"530 Church St, Ann Arbor, MI 48109, US",3.59,12.39,USD
237,UberX,COMPLETED,2021-09-27 05:07:55 +0000 UTC,2021-09-27 05:24:39 +0000 UTC,42.27405,-83.73454,"624 Church St, Ann Arbor, MI 48104, US",2021-09-27 05:37:55 +0000 UTC,42.23098,-83.73862,"3850 Research Park Dr, Ann Arbor, MI 48108, US",4.92,19.44,USD
237,UberX,CANCELED,2021-09-27 05:05:17 +0000 UTC,1970-01-01 00:00:00 +0000 UTC,42.29287,-83.72133,"1931 Duffield St, Ann Arbor, MI 48109, US",1970-01-01 00:00:00 +0000 UTC,42.29286217689514,-83.72030580043793,"3850 Research Park Dr, Ann Arbor, MI 48108, US",0.00,0,USD
237,UberX,COMPLETED,2021-09-26 22:38:51 +0000 UTC,2021-09-26 22:59:48 +0000 UTC,42.23101,-83.73861,"3850 Research Park Dr, Ann Arbor, MI 48108, US",2021-09-26 23:09:25 +0000 UTC,42.274014,-83.73456,"624 Church St, Ann Arbor, MI 48104, US",3.40,13.81,USD
237,UberXL,COMPLETED,2021-09-26 02:54:06 +0000 UTC,2021-09-26 03:08:14 +0000 UTC,42.23108,-83.73861,"3850 Research Park Dr, Ann Arbor, MI 48108, US",2021-09-26 03:25:35 +0000 UTC,42.27168,-83.74069,"814 S State St, Ann Arbor, MI 48104, US",4.35,56.9,USD
237,UberX,COMPLETED,2021-09-26 02:20:00 +0000 UTC,2021-09-26 02:12:14 +0000 UTC,42.27526,-83.74066,"530 S State St, Ann Arbor, MI 48109, US",2021-09-26 02:29:33 +0000 UTC,42.23101,-83.73859,"3850 Research Park Dr, Ann Arbor, MI 48108, US",4.84,16.15,USD
237,UberX,COMPLETED,2021-09-26 00:15:45 +0000 UTC,2021-09-26 00:45:07 +0000 UTC,42.231,-83.73865,"3850 Research Park Dr, Ann Arbor, MI 48108, US",2021-09-26 00:57:09 +0000 UTC,42.27515,-83.74065,"530 S State St, Ann Arbor, MI 48109, US",3.29,37.64,USD
237,UberX,CANCELED,2021-09-26 00:12:43 +0000 UTC,1970-01-01 00:00:00 +0000 UTC,42.268353,-83.74246,"1150 S State St, Ann Arbor, MI 48109, US",1970-01-01 00:00:00 +0000 UTC,42.26829731464386,-83.74151420593262,"530 S State St, Ann Arbor, MI 48109, US",0.00,0,USD
237,UberX,COMPLETED,2021-09-25 20:00:20 +0000 UTC,2021-09-25 20:17:56 +0000 UTC,42.26012,-83.73719,"1919 S Industrial Hwy, Ann Arbor, MI 48104, US",2021-09-25 20:24:19 +0000 UTC,42.24082,-83.74507,"100 Briarwood Cir, Ann Arbor, MI 48108, US",2.15,9.59,USD
237,UberX,COMPLETED,2021-09-25 17:41:30 +0000 UTC,2021-09-25 17:58:16 +0000 UTC,42.23098,-83.7386,"3850 Research Park Dr, Ann Arbor, MI 48108, US",2021-09-25 18:05:37 +0000 UTC,42.25969,-83.73716,"1919 S Industrial Hwy, Ann Arbor, MI 48104, US",2.69,10.07,USD
237,UberX,COMPLETED,2021-09-25 06:52:27 +0000 UTC,2021-09-25 07:01:38 +0000 UTC,42.273933,-83.73461,"624 Church St, Ann Arbor, MI 48104, US",2021-09-25 07:14:42 +0000 UTC,42.23102,-83.73863,"3850 Research Park Dr, Ann Arbor, MI 48108, US",4.53,19.49,USD
237,UberX,CANCELED,2021-09-25 01:40:11 +0000 UTC,1970-01-01 00:00:00 +0000 UTC,42.261894,-83.78361,"1599 Scio Ridge Rd, Ann Arbor, MI 48103, US",1970-01-01 00:00:00 +0000 UTC,42.28172492980957,-83.75738656520844,"624 Church St, Ann Arbor, MI 48104, US",0.00,0,USD
237,UberX,COMPLETED,2021-09-24 21:00:55 +0000 UTC,2021-09-24 21:13:42 +0000 UTC,42.25321,-83.66118,"2960 International Dr, Ypsilanti, MI 48197, US",2021-09-24 21:26:51 +0000 UTC,42.231003,-83.738594,"3850 Research Park Dr, Ann Arbor, MI 48108, US",7.30,21.09,USD
237,UberX,COMPLETED,2021-09-24 18:32:15 +0000 UTC,2021-09-24 18:40:31 +0000 UTC,42.23104,-83.73857,"3850 Research Park Dr, Ann Arbor, MI 48108, US",2021-09-24 18:54:08 +0000 UTC,42.25386,-83.66105,"2561 International Dr #1145c, Ypsilanti, MI 48197, USA",7.25,18.55,USD
237,UberX,COMPLETED,2021-09-23 23:22:11 +0000 UTC,2021-09-23 23:31:39 +0000 UTC,42.25152,-83.65392,"2740 Washtenaw Rd, Ypsilanti, MI 48197, US",2021-09-23 23:47:54 +0000 UTC,42.231,-83.73862,"3850 Research Park Dr, Ann Arbor, MI 48108, US",6.52,25.68,USD
237,UberX,COMPLETED,2021-09-23 20:36:32 +0000 UTC,2021-09-23 20:43:49 +0000 UTC,42.23096,-83.7386,"3850 Research Park Dr, Ann Arbor, MI 48108, US",2021-09-23 20:59:03 +0000 UTC,42.25147,-83.65546,"2740 Washtenaw Rd, Ypsilanti, MI 48197, US",7.41,21.13,USD
237,UberX,CANCELED,2021-09-23 12:01:54 +0000 UTC,1970-01-01 00:00:00 +0000 UTC,,,,1970-01-01 00:00:00 +0000 UTC,,,"105 S State St, Ann Arbor, MI 48109, US",0.00,0,USD
237,UberX,COMPLETED,2021-09-22 18:29:56 +0000 UTC,2021-09-22 18:39:27 +0000 UTC,42.27519,-83.73754,"919 S University Ave, Ann Arbor, MI 48109, US",2021-09-22 18:50:20 +0000 UTC,42.23097,-83.7386,"3850 Research Park Dr, Ann Arbor, MI 48108, US",3.64,13.59,USD
237,UberX,COMPLETED,2021-09-21 18:00:11 +0000 UTC,2021-09-21 18:01:50 +0000 UTC,42.27502,-83.73736,"919 S University Ave, Ann Arbor, MI 48109, US",2021-09-21 18:12:36 +0000 UTC,42.23099,-83.73863,"3850 Research Park Dr, Ann Arbor, MI 48108, US",3.49,11.32,USD
237,UberX,COMPLETED,2021-09-21 13:37:51 +0000 UTC,2021-09-21 13:43:11 +0000 UTC,42.23102,-83.73858,"3850 Research Park Dr, Ann Arbor, MI 48108, US",2021-09-21 13:58:51 +0000 UTC,42.28033,-83.73912,"812 E Washington St, Ann Arbor, MI 48109, US",3.68,12.26,USD
237,UberXL,COMPLETED,2021-09-21 05:18:26 +0000 UTC,2021-09-21 05:21:13 +0000 UTC,42.271614,-83.74074,"804 S State St, Ann Arbor, MI 48104, US",2021-09-21 05:28:06 +0000 UTC,42.231056,-83.73862,"3850 Research Park Dr, Ann Arbor, MI 48108, US",3.08,44.54,USD
237,UberX,CANCELED,2021-09-21 05:14:49 +0000 UTC,1970-01-01 00:00:00 +0000 UTC,,,,1970-01-01 00:00:00 +0000 UTC,,,"3850 Research Park Dr, Ann Arbor, MI 48108, US",0.00,0,USD
237,UberX,COMPLETED,2021-09-20 22:42:13 +0000 UTC,2021-09-20 22:57:28 +0000 UTC,42.230984,-83.73859,"3850 Research Park Dr, Ann Arbor, MI 48108, US",2021-09-20 23:10:16 +0000 UTC,42.277267,-83.740715,"428 S State St, Ann Arbor, MI 48109, US",3.39,11.54,USD
237,UberX,COMPLETED,2021-09-20 01:43:33 +0000 UTC,2021-09-20 01:50:35 +0000 UTC,42.27393,-83.73459,"624 Church St, Ann Arbor, MI 48104, US",2021-09-20 02:00:12 +0000 UTC,42.23103,-83.73861,"3850 Research Park Dr, Ann Arbor, MI 48108, US",3.54,10.96,USD
237,UberX,COMPLETED,2021-09-19 14:59:26 +0000 UTC,2021-09-19 15:05:47 +0000 UTC,42.230988,-83.73861,"3850 Research Park Dr, Ann Arbor, MI 48108, US",2021-09-19 15:23:43 +0000 UTC,42.278015,-83.645294,"5860 Geddes Rd, Ypsilanti, MI 48198, US",9.16,18.48,USD
237,UberX,COMPLETED,2021-09-19 06:50:48 +0000 UTC,2021-09-19 06:55:31 +0000 UTC,42.29192,-83.735565,"1301 Jones Dr, Ann Arbor, MI 48105, US",2021-09-19 07:09:06 +0000 UTC,42.23099,-83.73859,"3850 Research Park Dr, Ann Arbor, MI 48108, US",4.96,13.97,USD
237,UberX,CANCELED,2021-09-18 15:49:48 +0000 UTC,1970-01-01 00:00:00 +0000 UTC,42.2602,-83.73723,"253 Greenwich St, New York, NY 10007, US",1970-01-01 00:00:00 +0000 UTC,42.26245141029358,-83.73948740959167,"720 Arch St, Ann Arbor, MI 48104, US",0.00,0,USD
237,UberX,COMPLETED,2021-09-17 18:31:43 +0000 UTC,2021-09-17 18:36:36 +0000 UTC,42.27617,-83.74252,"515 E Jefferson St, Ann Arbor, MI 48109, US",2021-09-17 18:49:15 +0000 UTC,42.23097,-83.73862,"3850 Research Park Dr, Ann Arbor, MI 48108, US",3.55,14.07,USD
237,UberX,COMPLETED,2021-09-16 16:53:19 +0000 UTC,2021-09-16 16:55:34 +0000 UTC,42.27501,-83.73751,"919 S University Ave, Ann Arbor, MI 48109, US",2021-09-16 17:08:54 +0000 UTC,42.23099,-83.73863,"3850 Research Park Dr, Ann Arbor, MI 48108, US",3.48,8.77,USD
237,UberX,COMPLETED,2021-09-15 18:26:05 +0000 UTC,2021-09-15 18:33:34 +0000 UTC,42.274956,-83.73697,"919 S University Ave, Ann Arbor, MI 48109, US",2021-09-15 18:44:29 +0000 UTC,42.23097,-83.73862,"3850 Research Park Dr, Ann Arbor, MI 48108, US",3.60,11.49,USD
237,UberX,COMPLETED,2021-09-15 12:42:59 +0000 UTC,2021-09-15 12:55:41 +0000 UTC,42.230988,-83.73859,"3850 Research Park Dr, Ann Arbor, MI 48108, US",2021-09-15 13:07:00 +0000 UTC,42.280247,-83.739815,"105 S State St, Ann Arbor, MI 48109, US",3.64,13.23,USD
237,UberX,COMPLETED,2021-09-14 17:58:54 +0000 UTC,2021-09-14 18:02:31 +0000 UTC,42.27503,-83.73665,"919 S University Ave, Ann Arbor, MI 48109, US",2021-09-14 18:14:06 +0000 UTC,42.23101,-83.73857,"3850 Research Park Dr, Ann Arbor, MI 48108, US",3.60,11.48,USD
237,UberX,COMPLETED,2021-09-14 12:06:33 +0000 UTC,2021-09-14 12:14:47 +0000 UTC,42.23105,-83.73861,"3850 Research Park Dr, Ann Arbor, MI 48108, US",2021-09-14 12:28:19 +0000 UTC,42.27447,-83.74067,"551 S State St, Ann Arbor, MI 48109, US",3.20,11.41,USD
237,UberX,COMPLETED,2021-09-13 14:29:19 +0000 UTC,2021-09-13 14:45:41 +0000 UTC,42.23098,-83.738556,"3850 Research Park Dr, Ann Arbor, MI 48108, US",2021-09-13 14:54:37 +0000 UTC,42.274906,-83.74033,"551 S State St, Ann Arbor, MI 48109, US",3.25,10.88,USD
237,UberX,COMPLETED,2021-09-13 03:53:10 +0000 UTC,2021-09-13 03:58:27 +0000 UTC,42.27374,-83.73473,"624 Church St, Ann Arbor, MI 48104, US",2021-09-13 04:07:28 +0000 UTC,42.23099,-83.73863,"3850 Research Park Dr, Ann Arbor, MI 48108, US",3.54,11.3,USD
237,UberX,COMPLETED,2021-09-13 00:47:32 +0000 UTC,2021-09-13 00:55:48 +0000 UTC,42.23099,-83.73863,"3850 Research Park Dr, Ann Arbor, MI 48108, US",2021-09-13 01:04:28 +0000 UTC,42.2739,-83.73457,"624 Church St, Ann Arbor, MI 48104, US",3.49,10.97,USD
237,UberEATS Marketplace,COMPLETED,2021-09-12 22:33:18 +0000 UTC,2021-09-12 22:55:08 +0000 UTC,42.2309704,-83.7383924,"3752 S State St, Ann Arbor, MI 48108, US",2021-09-12 22:55:08 +0000 UTC,42.2309704,-83.7383924,"3850 Research Park Dr, Ann Arbor, MI 48108, US",0.18,16.92,USD
237,UberX,COMPLETED,2021-09-11 13:33:43 +0000 UTC,2021-09-11 13:40:49 +0000 UTC,42.23095,-83.73859,"3850 Research Park Dr, Ann Arbor, MI 48108, US",2021-09-11 13:50:37 +0000 UTC,42.27304,-83.73816,"701 Tappan Ave, Ann Arbor, MI 48109, US",3.26,11.36,USD
237,UberXL,COMPLETED,2021-09-11 06:09:50 +0000 UTC,2021-09-11 06:20:58 +0000 UTC,42.28109,-83.75101,"102 S 1st St, Ann Arbor, MI 48104, US",2021-09-11 06:26:20 +0000 UTC,42.27402,-83.73461,"624 Church St, Ann Arbor, MI 48104, US",1.40,33.3,USD
237,UberXL,COMPLETED,2021-09-11 03:05:25 +0000 UTC,2021-09-11 03:10:12 +0000 UTC,42.27404,-83.73462,"624 Church St, Ann Arbor, MI 48104, US",2021-09-11 03:18:55 +0000 UTC,42.28119,-83.75099,"102 S 1st St, Ann Arbor, MI 48104, US",1.41,22.54,USD
237,UberX,COMPLETED,2021-09-10 12:18:47 +0000 UTC,2021-09-10 12:30:54 +0000 UTC,42.231,-83.73862,"3850 Research Park Dr, Ann Arbor, MI 48108, US",2021-09-10 12:41:06 +0000 UTC,42.2733,-83.73996,"Ann Arbor, MI 48109, US",3.14,11.45,USD
237,UberX,COMPLETED,2021-09-07 18:03:30 +0000 UTC,2021-09-07 18:14:56 +0000 UTC,42.27499,-83.73945,"855 S University Ave, Ann Arbor, MI 48109, US",2021-09-07 18:24:59 +0000 UTC,42.23101,-83.73857,"3850 Research Park Dr, Ann Arbor, MI 48108, US",3.43,10.88,USD
237,UberX,COMPLETED,2021-09-06 20:25:10 +0000 UTC,2021-09-06 20:35:03 +0000 UTC,42.291290000000004,-83.71782,"2101 Bonisteel Blvd, Ann Arbor, MI 48109, US",2021-09-06 20:54:29 +0000 UTC,42.23103,-83.73779,"3850 Research Park Dr, Ann Arbor, MI 48108, US",5.98,17.54,USD
237,UberX,COMPLETED,2021-09-05 18:57:10 +0000 UTC,2021-09-05 19:08:00 +0000 UTC,42.23098,-83.73865,"3850 Research Park Dr, Ann Arbor, MI 48108, US",2021-09-05 19:18:45 +0000 UTC,42.26845,-83.75583,"700 Pauline Blvd, Ann Arbor, MI 48103, US",3.74,11.57,USD
237,UberX,CANCELED,2021-09-04 23:22:12 +0000 UTC,1970-01-01 00:00:00 +0000 UTC,42.30318,-83.77988,"9241 N Casa Grande Hwy, Tucson, AZ 85743, US",1970-01-01 00:00:00 +0000 UTC,42.29922211170197,-83.78107190132141,"Foss St & N Maple Rd, Ann Arbor, Michigan 48103, US",0.00,6,USD
237,UberX,COMPLETED,2021-09-04 04:38:09 +0000 UTC,2021-09-04 04:50:22 +0000 UTC,42.28076,-83.74084,"105 S State St, Ann Arbor, MI 48109, US",2021-09-04 05:00:12 +0000 UTC,42.2314,-83.7383,"3850 Research Park Dr, Ann Arbor, MI 48108, US",4.13,15.73,USD
237,UberXL,COMPLETED,2021-09-04 03:49:00 +0000 UTC,2021-09-04 03:57:13 +0000 UTC,42.29032,-83.73696,"1123 Broadway St, Ann Arbor, MI 48105, US",2021-09-04 04:03:46 +0000 UTC,42.28034,-83.73957,"105 S State St, Ann Arbor, MI 48109, US",1.29,10.29,USD
237,UberXL,CANCELED,2021-09-04 03:47:53 +0000 UTC,1970-01-01 00:00:00 +0000 UTC,42.26812,-83.75024,"1039 S Main St, Ann Arbor, MI 48104, US",1970-01-01 00:00:00 +0000 UTC,42.27165794372559,-83.7492846250534,"4502 Tempest Pl, Annandale, VA 22003, US",0.00,0,USD
237,UberXL,DRIVER_CANCELED,2021-09-04 03:35:31 +0000 UTC,1970-01-01 00:00:00 +0000 UTC,42.27177,-83.74454,"Hill St & S Division St, Ann Arbor, Michigan 48104, US",1970-01-01 00:00:00 +0000 UTC,42.29049980640411,-83.73665845394135,"1143 Broadway St, Ann Arbor, 48105, US",0.00,0,USD
237,UberXL,CANCELED,2021-09-04 01:21:48 +0000 UTC,1970-01-01 00:00:00 +0000 UTC,42.28886,-83.70397,"1475 Huron Pkwy, Ann Arbor, MI 48105, USA",1970-01-01 00:00:00 +0000 UTC,42.28747522830963,-83.71184360980988,"1356 Loring Ave, Brooklyn, NY 11208, US",0.00,0,USD
237,UberXL,DRIVER_CANCELED,2021-09-04 01:11:17 +0000 UTC,1970-01-01 00:00:00 +0000 UTC,42.29319,-83.7353,"1327 Jones Dr, Ann Arbor, MI 48105, US",1970-01-01 00:00:00 +0000 UTC,42.2807195186615,-83.74097537994385,"119 Hamilton Ave, Neptune, NJ 07753, US",0.00,7,USD
237,UberX,COMPLETED,2021-09-03 20:53:43 +0000 UTC,2021-09-03 21:12:39 +0000 UTC,42.23105,-83.73857,"3850 Research Park Dr, Ann Arbor, MI 48108, US",2021-09-03 21:28:53 +0000 UTC,42.274765,-83.734566,"1202 S University Ave, Ann Arbor, MI 48104, US",3.56,14.67,USD
237,UberX,COMPLETED,2021-09-03 12:16:07 +0000 UTC,2021-09-03 12:27:38 +0000 UTC,42.23099,-83.73863,"3850 Research Park Dr, Ann Arbor, MI 48108, US",2021-09-03 12:36:37 +0000 UTC,42.27329,-83.73979,"718 Monroe St, Ann Arbor, MI 48109, US",3.21,11.66,USD
237,UberX,COMPLETED,2021-09-03 06:19:37 +0000 UTC,2021-09-03 06:23:04 +0000 UTC,42.271473,-83.74056,"811 S State St, Ann Arbor, MI 48104, US",2021-09-03 06:31:05 +0000 UTC,42.231007,-83.73855,"3850 Research Park Dr, Ann Arbor, MI 48108, US",3.31,10.29,USD
237,UberX,COMPLETED,2021-09-03 02:35:32 +0000 UTC,2021-09-03 02:46:26 +0000 UTC,42.23093,-83.73864,"3850 Research Park Dr, Ann Arbor, MI 48108, US",2021-09-03 02:56:43 +0000 UTC,42.27381,-83.73476,"624 Church St, Ann Arbor, MI 48104, US",3.50,10.94,USD
141,UberEATS Marketplace,COMPLETED,2021-09-02 12:10:34 +0000 UTC,2021-09-02 12:56:22 +0000 UTC,39.102424,-84.511267,"302 Philadelphia St, Covington, KY 41011, US",2021-09-02 12:56:22 +0000 UTC,39.102424,-84.511267,"580 Walnut St, Cincinnati, OH 45202, US",1.13,15.18,USD
237,UberX,COMPLETED,2021-09-02 11:43:27 +0000 UTC,2021-09-02 12:01:16 +0000 UTC,42.231037,-83.738594,"3850 Research Park Dr, Ann Arbor, MI 48108, US",2021-09-02 12:10:42 +0000 UTC,42.273056,-83.74063,"701 S State St, Ann Arbor, MI 48109, US",3.10,10.51,USD
237,UberX,COMPLETED,2021-08-31 11:58:37 +0000 UTC,2021-08-31 12:09:55 +0000 UTC,42.231003,-83.73864,"3850 Research Park Dr, Ann Arbor, MI 48108, US",2021-08-31 12:40:28 +0000 UTC,42.280346,-83.7394,"105 S State St, Ann Arbor, MI 48109, US",4.50,11.91,USD
237,UberX,COMPLETED,2021-08-30 20:43:45 +0000 UTC,2021-08-30 20:46:31 +0000 UTC,42.27495,-83.73689,"1080 S University Ave, Ann Arbor, MI 48109, US",2021-08-30 20:58:03 +0000 UTC,42.231,-83.73861,"3850 Research Park Dr, Ann Arbor, MI 48108, US",3.59,15.83,USD
141,UberEATS Marketplace,COMPLETED,2021-08-24 15:19:41 +0000 UTC,2021-08-24 16:07:14 +0000 UTC,39.102424,-84.511267,"700 Walnut St, Cincinnati, OH 45202, US",2021-08-24 16:07:14 +0000 UTC,39.102424,-84.511267,"580 Walnut St, Cincinnati, OH 45202, US",0.12,21.56,USD
7,UberEATS Marketplace,COMPLETED,2021-08-17 19:57:47 +0000 UTC,2021-08-17 20:28:54 +0000 UTC,41.630531,-87.69197,"14731 S Kedzie Ave, Posen, IL 60469, US",2021-08-17 20:28:54 +0000 UTC,41.630531,-87.69197,"14421 S Richmond Ave, Posen, IL 60469, US",0.50,18.7,USD
141,UberX,COMPLETED,2021-08-07 14:03:55 +0000 UTC,2021-08-07 14:08:21 +0000 UTC,39.102753,-84.511,"119 E 6th St, Cincinnati, OH 45202, US",2021-08-07 14:30:47 +0000 UTC,39.055744,-84.65668,"Cincinnati/Northern Kentucky International Airport (CVG), Hebron, KY 41048, US",14.07,24.59,USD
15,UberX,COMPLETED,2021-08-06 19:21:47 +0000 UTC,2021-08-06 19:38:01 +0000 UTC,36.120148,-115.16898,"Las Vegas, NV 89109, US",2021-08-06 19:50:49 +0000 UTC,36.086872,-115.15087,"Terminal 1, McCarran International Airport (LAS), Las Vegas, NV 89119, US",3.70,15.41,USD
15,UberX,COMPLETED,2021-08-06 18:58:50 +0000 UTC,2021-08-06 19:06:00 +0000 UTC,36.10147,-115.17474,New York - New York,2021-08-06 19:18:25 +0000 UTC,36.1208,-115.17047,"3355 Las Vegas Blvd S, Las Vegas, NV 89109, US",1.81,9.68,USD
15,UberX,COMPLETED,2021-08-06 18:19:47 +0000 UTC,2021-08-06 18:28:18 +0000 UTC,36.120182,-115.16912,"Las Vegas, NV 89109, US",2021-08-06 18:39:17 +0000 UTC,36.101517,-115.17446,"3790 Las Vegas Blvd S, Las Vegas, NV 89109, US",2.67,24.98,USD
15,UberX,COMPLETED,2021-08-06 03:33:29 +0000 UTC,2021-08-06 03:40:54 +0000 UTC,36.10267,-115.16731,"3799 Las Vegas Blvd S, Las Vegas, NV 89109, US",2021-08-06 03:52:25 +0000 UTC,36.12104,-115.17051,"3355 Las Vegas Blvd S, Las Vegas, NV 89109, US",1.81,16,USD
15,UberX,COMPLETED,2021-08-06 01:23:41 +0000 UTC,2021-08-06 01:33:28 +0000 UTC,36.118164,-115.16835,"3535 Las Vegas Blvd S, Las Vegas, NV 89109, US",2021-08-06 01:42:46 +0000 UTC,36.10184,-115.16834,"3799 Las Vegas Blvd S, Las Vegas, NV 89109, US",1.86,9.18,USD
15,UberX,COMPLETED,2021-08-05 22:02:06 +0000 UTC,2021-08-05 22:11:00 +0000 UTC,36.12532,-115.20167000000001,"4545 Spring Mountain Rd B Ste 105, Las Vegas, NV 89102, US",2021-08-05 22:17:55 +0000 UTC,36.12095,-115.17054,"3355 Las Vegas Blvd S, Las Vegas, NV 89109, US",2.09,17.5,USD
15,UberX,COMPLETED,2021-08-05 19:54:10 +0000 UTC,2021-08-05 19:59:47 +0000 UTC,36.11987,-115.16928,"Las Vegas, NV 89109, US",2021-08-05 20:09:59 +0000 UTC,36.12534,-115.20168,"4545 Spring Mountain Rd B Ste 105, Las Vegas, NV 89102, US",2.31,10.52,USD
15,UberX,CANCELED,2021-08-05 00:19:33 +0000 UTC,1970-01-01 00:00:00 +0000 UTC,36.097195,-115.17436,"25 W Reno Ave, Las Vegas, NV 89119, USA",1970-01-01 00:00:00 +0000 UTC,36.09719705581665,-115.1739102602005,"E Reno Ave & Las Vegas Blvd S, Las Vegas, Nevada 89109, US",0.00,0,USD
141,UberEATS Marketplace,COMPLETED,2021-07-30 13:34:10 +0000 UTC,2021-07-30 13:54:05 +0000 UTC,39.1023967,-84.5107,"302 Philadelphia St, Covington, KY 41011, US",2021-07-30 13:54:05 +0000 UTC,39.1023967,-84.5107,"580 Walnut St, Cincinnati, OH 45202, US",1.13,26.52,USD
141,UberEATS Marketplace,COMPLETED,2021-07-29 15:32:45 +0000 UTC,2021-07-29 16:16:02 +0000 UTC,39.1023967,-84.5107,"105 Pavilion Pkwy, Newport, KY 41071, US",2021-07-29 16:16:02 +0000 UTC,39.1023967,-84.5107,"580 Walnut St, Cincinnati, OH 45202, US",1.84,19.69,USD
141,UberEATS Marketplace,COMPLETED,2021-07-20 18:17:54 +0000 UTC,2021-07-20 18:48:39 +0000 UTC,39.1023967,-84.5107,"165 W McMillan St, Cincinnati, OH 45219, US",2021-07-20 18:48:39 +0000 UTC,39.1023967,-84.5107,"580 Walnut St, Cincinnati, OH 45202, US",1.79,22.34,USD
141,UberEATS Marketplace,COMPLETED,2021-07-15 10:39:51 +0000 UTC,2021-07-15 11:19:28 +0000 UTC,39.1023967,-84.5107,"302 Philadelphia St, Covington, KY 41011, US",2021-07-15 11:19:28 +0000 UTC,39.1023967,-84.5107,"580 Walnut St, Cincinnati, OH 45202, US",1.13,31.69,USD
7,UberEATS Marketplace,COMPLETED,2021-06-23 20:51:35 +0000 UTC,2021-06-23 21:33:44 +0000 UTC,41.630531,-87.69197,"13653 Cicero Ave, Crestwood, IL 60445, US",2021-06-23 21:33:44 +0000 UTC,41.630531,-87.69197,"14421 S Richmond Ave, Posen, IL 60469, US",2.53,30.71,USD
7,UberEATS Marketplace,COMPLETED,2021-06-14 17:09:29 +0000 UTC,2021-06-14 18:39:49 +0000 UTC,41.6304878,-87.6920289,"5140 W 159th St, Oak Forest, IL 60452, USA",2021-06-14 18:39:49 +0000 UTC,41.6304878,-87.6920289,"14421 Richmond Ave, Posen, IL 60469, USA",3.34,45.45,USD
141,UberEATS Marketplace,COMPLETED,2021-06-09 20:29:46 +0000 UTC,2021-06-09 21:19:21 +0000 UTC,39.102424,-84.511267,"502 Main St, Covington, KY 41011, USA",2021-06-09 21:19:21 +0000 UTC,39.102424,-84.511267,"580 Walnut St, Cincinnati, OH 45202, US",1.24,26.11,USD
141,UberEATS Marketplace,FAILED,2021-05-24 00:23:37 +0000 UTC,2021-05-24 01:19:04 +0000 UTC,39.19062,-84.462995,"7131 Reading Rd, Cincinnati, OH 45237, US",2021-05-24 01:19:04 +0000 UTC,39.19062,-84.462995,"7131 Reading Rd, Cincinnati, OH 45237, US",6.63,0,USD
141,UberEATS Marketplace,COMPLETED,2021-05-21 20:04:43 +0000 UTC,2021-05-21 20:46:20 +0000 UTC,39.102424,-84.511267,"2731 Short Vine St, Cincinnati, OH 45219, USA",2021-05-21 20:46:20 +0000 UTC,39.102424,-84.511267,"580 Walnut St, Cincinnati, OH 45202, USA",2.01,25.14,USD
141,UberEATS Marketplace,COMPLETED,2021-05-20 13:58:42 +0000 UTC,2021-05-20 14:12:55 +0000 UTC,39.102424,-84.511267,"302 Philadelphia St, Covington, KY 41011, USA",2021-05-20 14:12:55 +0000 UTC,39.102424,-84.511267,"580 Walnut St, Cincinnati, OH 45202, USA",1.13,25.09,USD
7,UberEATS Marketplace,COMPLETED,2021-05-14 14:23:19 +0000 UTC,2021-05-14 14:51:43 +0000 UTC,41.630531,-87.69197,"14702 Dixie Hwy, Harvey, IL 60426, USA",2021-05-14 14:51:43 +0000 UTC,41.630531,-87.69197,"14421 Richmond Ave, Posen, IL 60469, USA",1.04,18.43,USD
219,UberX,CANCELED,2021-05-09 07:54:20 +0000 UTC,1970-01-01 00:00:00 +0000 UTC,43.07322,-89.39889,"389 E Campus Mall, Madison, WI 53715, US",1970-01-01 00:00:00 +0000 UTC,43.07339131832123,-89.39548814296722,"536 University Ave, Madison, WI 53703, US",0.00,5,USD
7,UberEATS Marketplace,COMPLETED,2021-05-06 17:37:34 +0000 UTC,2021-05-06 18:45:56 +0000 UTC,41.630531,-87.69197,"14733 Kedzie Ave, Posen, IL 60469, USA",2021-05-06 18:45:56 +0000 UTC,41.630531,-87.69197,"14421 Richmond Ave, Posen, IL 60469, USA",0.50,14.59,USD
7,UberEATS Marketplace,COMPLETED,2021-05-04 17:46:05 +0000 UTC,2021-05-04 18:52:25 +0000 UTC,41.630531,-87.69197,"Dolton, IL 60419, USA",2021-05-04 18:52:25 +0000 UTC,41.630531,-87.69197,"14421 Richmond Ave, Posen, IL 60469, USA",5.00,27.32,USD
141,UberEATS Marketplace,COMPLETED,2021-04-26 19:28:03 +0000 UTC,2021-04-26 20:23:17 +0000 UTC,39.102424,-84.511267,"3313 Riverside Dr, Cincinnati, OH 45226, USA",2021-04-26 20:23:17 +0000 UTC,39.102424,-84.511267,"580 Walnut St, Cincinnati, OH 45202, USA",3.83,50.7,USD
141,UberEATS Marketplace,COMPLETED,2021-04-24 17:25:46 +0000 UTC,2021-04-24 18:08:30 +0000 UTC,39.102424,-84.511267,"105 Pavilion Pkwy, Newport, KY 41071, USA",2021-04-24 18:08:30 +0000 UTC,39.102424,-84.511267,"580 Walnut St, Cincinnati, OH 45202, USA",1.84,30.58,USD
7,UberEATS Marketplace,COMPLETED,2021-04-13 15:10:09 +0000 UTC,2021-04-13 16:00:18 +0000 UTC,41.630531,-87.69197,"14733 Kedzie Ave, Posen, IL 60469, USA",2021-04-13 16:00:18 +0000 UTC,41.630531,-87.69197,"14421 Richmond Ave, Posen, IL 60469, USA",0.50,19.62,USD
141,UberEATS Marketplace,COMPLETED,2021-04-11 17:49:09 +0000 UTC,2021-04-11 18:20:42 +0000 UTC,39.102424,-84.511267,"105 Pavilion Pkwy, Newport, KY 41071, USA",2021-04-11 18:20:42 +0000 UTC,39.102424,-84.511267,"580 Walnut St, Cincinnati, OH 45202, USA",1.84,22.55,USD
7,UberEATS Marketplace,COMPLETED,2021-04-03 19:34:08 +0000 UTC,2021-04-03 20:16:52 +0000 UTC,41.630531,-87.69197,"12702 S Halsted St, Chicago, IL 60628, USA",2021-04-03 20:16:52 +0000 UTC,41.630531,-87.69197,"14421 Richmond Ave, Posen, IL 60469, USA",3.43,16.95,USD
7,UberEATS Marketplace,COMPLETED,2021-04-03 19:30:08 +0000 UTC,2021-04-03 20:46:53 +0000 UTC,41.630531,-87.69197,"1648 W 115th St, Chicago, IL 60643, USA",2021-04-03 20:46:53 +0000 UTC,41.630531,-87.69197,"14421 Richmond Ave, Posen, IL 60469, USA",4.05,29.2,USD
7,UberEATS Marketplace,COMPLETED,2021-03-30 17:27:49 +0000 UTC,2021-03-30 18:58:09 +0000 UTC,41.630531,-87.69197,"5140 W 159th St, Oak Forest, IL 60452, USA",2021-03-30 18:58:09 +0000 UTC,41.630531,-87.69197,"14421 Richmond Ave, Posen, IL 60469, USA",3.35,43.47,USD
7,UberX,COMPLETED,2021-03-29 02:42:09 +0000 UTC,2021-03-29 02:59:03 +0000 UTC,41.976673,-87.90427,"16 Arrivals, Chicago, IL 60666, USA",2021-03-29 03:33:53 +0000 UTC,41.630436,-87.6923,"14417 Richmond Ave, Posen, IL 60469, USA",34.72,108.81,USD
14,UberX,DRIVER_CANCELED,2021-03-28 20:39:38 +0000 UTC,1970-01-01 00:00:00 +0000 UTC,25.792877,-80.18981,"1776 Biscayne Blvd, Miami, FL 33132, US",1970-01-01 00:00:00 +0000 UTC,25.80297434329987,-80.19913125038147,"2819 NW 2nd Ave, Miami, FL 33127, US",0.00,6.25,USD
14,UberXL,COMPLETED,2021-03-28 18:26:55 +0000 UTC,2021-03-28 18:35:40 +0000 UTC,25.80297,-80.19936,"2732 NW 2nd Ave, Miami, FL 33127, USA",2021-03-28 19:01:04 +0000 UTC,25.77929,-80.13168,"909 Ocean Ct, Miami Beach, FL 33139, USA",6.45,70.82,USD
14,UberXL,CANCELED,2021-03-28 01:38:53 +0000 UTC,1970-01-01 00:00:00 +0000 UTC,25.78928,-80.13652,"1600 Meridian Ave, Miami Beach, FL 33139, US",1970-01-01 00:00:00 +0000 UTC,25.78924202919006,-80.13651871681213,"1600 Meridian Ave, Miami Beach, FL 33139, US",0.00,0,USD
14,UberX,COMPLETED,2021-03-27 23:09:43 +0000 UTC,2021-03-27 23:18:53 +0000 UTC,25.808577,-80.189995,"254 NE 34th St, Miami, FL 33137, USA",2021-03-27 23:35:25 +0000 UTC,25.791094,-80.14004,"1664 Lenox Ave, Miami Beach, FL 33139, USA",5.20,14.46,USD
14,UberX,CANCELED,2021-03-27 06:25:41 +0000 UTC,1970-01-01 00:00:00 +0000 UTC,25.80635,-80.20795,"3200 NW 7th Ave, Miami, FL 33127, US",1970-01-01 00:00:00 +0000 UTC,25.81011390686035,-80.20399868488312,"515 NW 36th St, Miami, FL 33127, US",0.00,0,USD
14,UberXL,CANCELED,2021-03-27 04:52:14 +0000 UTC,1970-01-01 00:00:00 +0000 UTC,25.799498,-80.1992,"2300 NW 2nd Ave, Miami, FL 33127, US",1970-01-01 00:00:00 +0000 UTC,25.79943609237671,-80.20150363445282,"370 NW 24th St, Miami, FL 33127, US",0.00,0,USD
14,UberX,COMPLETED,2021-03-26 01:56:40 +0000 UTC,2021-03-26 01:58:12 +0000 UTC,25.78462,-80.17774,"838 MacArthur Causeway, Miami, FL 33132, USA",2021-03-26 02:06:14 +0000 UTC,25.77793,-80.13349,"734 Washington Ave, Miami Beach, FL 33139, USA",3.62,9.31,USD
14,UberX,COMPLETED,2021-03-25 22:40:52 +0000 UTC,2021-03-25 22:51:05 +0000 UTC,25.793854,-80.27646,"21 Departures, Miami, FL 33126, USA",2021-03-25 23:08:13 +0000 UTC,25.808853,-80.18985,"3400 Biscayne Blvd, Miami, FL 33137, USA",6.97,31.25,USD
7,UberX,CANCELED,2021-03-25 10:30:00 +0000 UTC,1970-01-01 00:00:00 +0000 UTC,,,,1970-01-01 00:00:00 +0000 UTC,,,,0.00,0,USD
141,UberEATS Marketplace,COMPLETED,2021-03-12 22:41:24 +0000 UTC,2021-03-12 23:01:23 +0000 UTC,39.102424,-84.511267,"611 Main St, Cincinnati, OH 45202, USA",2021-03-12 23:01:23 +0000 UTC,39.102424,-84.511267,"580 Walnut St, Cincinnati, OH 45202, USA",0.08,28.88,USD
141,UberEATS Marketplace,COMPLETED,2021-03-12 16:33:29 +0000 UTC,2021-03-12 17:02:37 +0000 UTC,39.102424,-84.511267,"105 Pavilion Pkwy, Newport, KY 41071, USA",2021-03-12 17:02:37 +0000 UTC,39.102424,-84.511267,"580 Walnut St, Cincinnati, OH 45202, USA",1.84,31.63,USD
141,UberEATS Marketplace,FAILED,2021-03-12 02:29:12 +0000 UTC,2021-03-12 03:59:25 +0000 UTC,39.045595,-84.504845,"3903 Winston Ave, Covington, KY 41015, US",2021-03-12 03:59:25 +0000 UTC,39.045595,-84.504845,"3903 Winston Ave, Covington, KY 41015, US",3.95,0,USD
141,UberEATS Marketplace,COMPLETED,2021-03-06 20:11:07 +0000 UTC,2021-03-06 20:45:05 +0000 UTC,39.102424,-84.511267,"133 W Elder St, Cincinnati, OH 45202, USA",2021-03-06 20:45:05 +0000 UTC,39.102424,-84.511267,"580 Walnut St, Cincinnati, OH 45202, USA",0.97,54.13,USD
141,UberEATS Marketplace,COMPLETED,2021-02-23 16:23:09 +0000 UTC,2021-02-23 17:08:11 +0000 UTC,39.102424,-84.511267,"580 Walnut St, Cincinnati, OH 45202, US",2021-02-23 17:08:11 +0000 UTC,39.102424,-84.511267,"580 Walnut St, Cincinnati, OH 45202, USA",0.12,12.44,USD
141,UberEATS Marketplace,COMPLETED,2021-02-14 18:13:24 +0000 UTC,2021-02-14 19:28:19 +0000 UTC,39.102424,-84.511267,"105 Pavilion Pkwy, Newport, KY 41071, USA",2021-02-14 19:28:19 +0000 UTC,39.102424,-84.511267,"580 Walnut St, Cincinnati, OH 45202, USA",1.84,22.11,USD
141,UberEATS Marketplace,COMPLETED,2021-02-07 22:25:57 +0000 UTC,2021-02-08 00:02:43 +0000 UTC,39.102424,-84.511267,"7200 Houston Rd, Florence, KY 41042, USA",2021-02-08 00:02:43 +0000 UTC,39.102424,-84.511267,"580 Walnut St, Cincinnati, OH 45202, USA",10.10,56.41,USD
141,UberEATS Marketplace,COMPLETED,2021-02-03 20:51:01 +0000 UTC,2021-02-03 21:30:14 +0000 UTC,39.102424,-84.511267,"302 Philadelphia St, Covington, KY 41011, USA",2021-02-03 21:30:14 +0000 UTC,39.102424,-84.511267,"580 Walnut St, Cincinnati, OH 45202, USA",1.13,18.13,USD
141,UberEATS Marketplace,COMPLETED,2021-02-02 00:15:23 +0000 UTC,2021-02-02 00:41:44 +0000 UTC,39.102424,-84.511267,"502 Main St, Covington, KY 41011, USA",2021-02-02 00:41:44 +0000 UTC,39.102424,-84.511267,"580 Walnut St, Cincinnati, OH 45202, USA",1.24,40.17,USD
141,UberEATS Marketplace,COMPLETED,2021-02-01 19:29:00 +0000 UTC,2021-02-01 20:37:12 +0000 UTC,39.102424,-84.511267,"7835 Beechmont Ave, Cincinnati, OH 45255, USA",2021-02-01 20:37:12 +0000 UTC,39.102424,-84.511267,"580 Walnut St, Cincinnati, OH 45202, USA",9.44,21.13,USD
141,UberEATS Marketplace,COMPLETED,2021-01-25 17:42:34 +0000 UTC,2021-01-25 19:35:34 +0000 UTC,39.102424,-84.511267,"105 Pavilion Pkwy, Newport, KY 41071, USA",2021-01-25 19:35:34 +0000 UTC,39.102424,-84.511267,"580 Walnut St, Cincinnati, OH 45202, USA",1.84,19.37,USD
7,UberEATS Marketplace,COMPLETED,2021-01-21 16:30:52 +0000 UTC,2021-01-21 17:21:13 +0000 UTC,41.630531,-87.69197,"5140 W 159th St, Oak Forest, IL 60452, USA",2021-01-21 17:21:13 +0000 UTC,41.630531,-87.69197,"14421 Richmond Ave, Posen, IL 60469, USA",3.35,18.97,USD
7,UberX,COMPLETED,2021-01-19 02:51:42 +0000 UTC,2021-01-19 02:54:10 +0000 UTC,41.884556,-87.631035,"128 W Randolph St, Chicago, IL 60601, USA",2021-01-19 03:16:09 +0000 UTC,41.77348,-87.568695,"6700 S Oglesby Ave, Chicago, IL 60649, USA",11.72,20.26,USD
7,UberX,DRIVER_CANCELED,2021-01-19 02:45:01 +0000 UTC,1970-01-01 00:00:00 +0000 UTC,41.8817,-87.64956,"W Madison St and N Peoria St, Chicago, IL 60602, US",1970-01-01 00:00:00 +0000 UTC,41.88193964958191,-87.64849495887756,"11 N Green St, Chicago, IL 60607, US",0.00,5,USD
7,UberEATS Marketplace,COMPLETED,2021-01-07 00:06:21 +0000 UTC,2021-01-07 00:59:42 +0000 UTC,41.630531,-87.69197,"14729 Kedzie Ave, Posen, IL 60469, USA",2021-01-07 00:59:42 +0000 UTC,41.630531,-87.69197,"14421 Richmond Ave, Posen, IL 60469, USA",0.49,14.27,USD
7,UberEATS Marketplace,COMPLETED,2021-01-05 16:16:07 +0000 UTC,2021-01-05 17:29:01 +0000 UTC,41.630531,-87.69197,"5140 W 159th St, Oak Forest, IL 60452, USA",2021-01-05 17:29:01 +0000 UTC,41.630531,-87.69197,"14421 Richmond Ave, Posen, IL 60469, USA",3.35,19.97,USD
7,UberEATS Marketplace,COMPLETED,2020-12-29 01:18:10 +0000 UTC,2020-12-29 02:26:41 +0000 UTC,41.630531,-87.69197,"12700 S Halsted St, Chicago, IL 60628, USA",2020-12-29 02:26:41 +0000 UTC,41.630531,-87.69197,"14421 Richmond Ave, Posen, IL 60469, USA",3.42,24.1,USD
7,UberEATS Marketplace,COMPLETED,2020-12-15 18:20:04 +0000 UTC,2020-12-15 19:12:06 +0000 UTC,41.630531,-87.69197,"14421 S Richmond Ave, Posen, IL 60469, US",2020-12-15 19:12:06 +0000 UTC,41.630531,-87.69197,"14421 S Richmond Ave, Posen, IL 60469, US",3.35,79.76,USD
141,UberXL,COMPLETED,2020-11-23 10:34:24 +0000 UTC,2020-11-23 10:48:10 +0000 UTC,39.10281,-84.51091,"124 E 6th St, Cincinnati, OH 45202, USA",2020-11-23 11:11:33 +0000 UTC,39.05574,-84.65599,"2939 Terminal Dr, Hebron, KY 41048, USA",20.19,30.2,USD
141,UberXL,CANCELED,2020-11-23 09:35:03 +0000 UTC,1970-01-01 00:00:00 +0000 UTC,39.15839,-84.43867,"13804 Moorpark St, Sherman Oaks, CA 91423, US",1970-01-01 00:00:00 +0000 UTC,39.14358305931091,-84.47277510166168,"1643 Brewster Ave, Cincinnati, OH 45207, US",0.00,6.08,USD
141,UberEATS Marketplace,COMPLETED,2020-11-22 00:12:29 +0000 UTC,2020-11-22 00:38:43 +0000 UTC,39.102424,-84.511267,"580 Walnut St, Cincinnati, OH 45202, US",2020-11-22 00:38:43 +0000 UTC,39.102424,-84.511267,"580 Walnut St, Cincinnati, OH 45202, US",1.24,29.34,USD
141,UberEATS Marketplace,COMPLETED,2020-11-14 01:11:45 +0000 UTC,2020-11-14 02:40:43 +0000 UTC,39.102424,-84.511267,"580 Walnut St, Cincinnati, OH 45202, US",2020-11-14 02:40:43 +0000 UTC,39.102424,-84.511267,"580 Walnut St, Cincinnati, OH 45202, US",6.27,79.43,USD
141,UberEATS Marketplace,COMPLETED,2020-11-13 18:54:13 +0000 UTC,2020-11-13 19:39:26 +0000 UTC,39.102424,-84.511267,"580 Walnut St, Cincinnati, OH 45202, US",2020-11-13 19:39:26 +0000 UTC,39.102424,-84.511267,"580 Walnut St, Cincinnati, OH 45202, US",9.45,21.63,USD
141,UberEATS Marketplace,COMPLETED,2020-09-19 16:57:23 +0000 UTC,2020-09-19 17:36:24 +0000 UTC,39.102424,-84.511267,"580 Walnut St, Cincinnati, OH 45202, US",2020-09-19 17:36:24 +0000 UTC,39.102424,-84.511267,"580 Walnut St, Cincinnati, OH 45202, US",1.84,27.23,USD
7,UberEATS Marketplace,COMPLETED,2020-08-08 06:58:10 +0000 UTC,2020-08-08 07:27:32 +0000 UTC,41.9851613,-87.8301535,"8101 W Higgins Rd, Chicago, IL 60631, US",2020-08-08 07:27:32 +0000 UTC,41.9851613,-87.8301535,"8101 W Higgins Rd, Chicago, IL 60631, US",1.49,19.22,USD
7,UberX,COMPLETED,2020-08-07 03:04:44 +0000 UTC,2020-08-07 03:13:44 +0000 UTC,41.5996966,-87.6284041,"16236 Vincennes Ave, South Holland, IL 60473, USA",2020-08-07 03:21:10 +0000 UTC,41.6026662,-87.6693376,"2144 W 158th St, Markham, IL 60426, USA",2.30,8.59,USD
7,UberX,COMPLETED,2020-07-18 00:26:50 +0000 UTC,2020-07-18 00:29:06 +0000 UTC,41.70765,-87.64893000000001,"10231 S Carpenter St, Chicago, IL 60643, USA",2020-07-18 00:45:06 +0000 UTC,41.80942,-87.61388,"Chicago, IL, USA",9.07,17.74,USD
7,UberX,COMPLETED,2020-07-17 23:21:59 +0000 UTC,2020-07-17 23:26:41 +0000 UTC,41.809392,-87.6136967,"Chicago, IL, USA",2020-07-17 23:48:10 +0000 UTC,41.7078935,-87.6489592,"10226 S Carpenter St, Chicago, IL 60643, USA",9.52,28.49,USD
141,UberEATS Marketplace,COMPLETED,2020-05-16 20:55:32 +0000 UTC,2020-05-16 21:55:39 +0000 UTC,39.102424,-84.511267,"580 Walnut St, Cincinnati, OH 45202, US",2020-05-16 21:55:39 +0000 UTC,39.102424,-84.511267,"580 Walnut St, Cincinnati, OH 45202, US",2.01,32.25,USD
237,UberX,COMPLETED,2020-03-14 00:25:42 +0000 UTC,2020-03-14 00:34:49 +0000 UTC,42.24153,-83.7136,"2738 Packard St, Ann Arbor, MI 48108, USA",2020-03-14 00:44:04 +0000 UTC,42.27476,-83.74314,"540 Thompson St, Ann Arbor, MI 48104, USA",3.02,8.86,USD
237,UberX,COMPLETED,2020-03-10 06:06:07 +0000 UTC,2020-03-10 06:09:15 +0000 UTC,42.2741841,-83.7418909,"599 E Madison St, Ann Arbor, MI 48104, USA",2020-03-10 06:13:51 +0000 UTC,42.284055,-83.7277039,"1500 E. Medical Center Drive, Gastroenterology & Hepatology at Taubman Health Center, Ann Arbor, MI 48109, USA",1.62,6.62,USD
237,UberX,CANCELED,2020-03-10 06:04:52 +0000 UTC,1970-01-01 00:00:00 +0000 UTC,,,,1970-01-01 00:00:00 +0000 UTC,,,,0.00,0,USD
237,,UNFULFILLED,2020-03-10 06:01:54 +0000 UTC,1970-01-01 00:00:00 +0000 UTC,,,,1970-01-01 00:00:00 +0000 UTC,,,,0.00,0,USD
237,UberX,COMPLETED,2020-02-27 20:42:03 +0000 UTC,2020-02-27 20:46:53 +0000 UTC,42.2743251,-83.7416908,"603 E Madison St, Ann Arbor, MI 48109, USA",2020-02-27 20:55:02 +0000 UTC,42.2879158,-83.7434619,"325 Depot St, Ann Arbor, MI 48104, USA",1.48,7.98,USD
237,UberX,COMPLETED,2020-02-17 13:39:21 +0000 UTC,2020-02-17 13:43:10 +0000 UTC,42.28784,-83.74346,"325 Depot St, Ann Arbor, MI 48104, USA",2020-02-17 13:48:36 +0000 UTC,42.27474,-83.74314,"540 Thompson St, Ann Arbor, MI 48104, USA",1.22,5.65,USD
237,UberX,CANCELED,2020-02-11 17:48:41 +0000 UTC,1970-01-01 00:00:00 +0000 UTC,42.30329,-83.70882,"2607 Plymouth Rd, Ann Arbor, MI 48105, US",1970-01-01 00:00:00 +0000 UTC,42.30247197900983,-83.71065310502213,"Ann Arbor, MI 48105, USA",0.00,0,USD
237,UberX,COMPLETED,2020-02-09 05:05:21 +0000 UTC,2020-02-09 05:14:50 +0000 UTC,42.3000484,-83.7099765,"1660 McIntyre, Ann Arbor, MI 48105, USA",2020-02-09 05:23:27 +0000 UTC,42.274808,-83.7432097,"540 Thompson St, Ann Arbor, MI 48104, USA",3.49,9.31,USD
237,UberX,COMPLETED,2020-02-09 01:16:06 +0000 UTC,2020-02-09 01:18:48 +0000 UTC,42.2742692,-83.7417297,"599 E Madison St, Ann Arbor, MI 48104, USA",2020-02-09 01:29:14 +0000 UTC,42.3015783,-83.7110113,"1948 McIntyre, Ann Arbor, MI 48105, USA",3.44,11.29,USD
237,UberX,COMPLETED,2020-02-03 14:02:34 +0000 UTC,2020-02-03 14:06:33 +0000 UTC,42.2878679,-83.7434358,"325 Depot St, Ann Arbor, MI 48104, USA",2020-02-03 14:14:42 +0000 UTC,42.274745,-83.7432096,"540 Thompson St, Ann Arbor, MI 48104, USA",1.22,6.03,USD
237,UberX,COMPLETED,2020-01-27 01:00:46 +0000 UTC,2020-01-27 01:06:30 +0000 UTC,42.2750255,-83.7374156,"Ann Arbor, MI 48109, USA",2020-01-27 01:16:38 +0000 UTC,42.2423135,-83.7131351,"2732 Mulberry Cir, Ann Arbor, MI 48108, USA",2.95,8.93,USD
237,UberX,COMPLETED,2020-01-16 20:49:04 +0000 UTC,2020-01-16 20:54:07 +0000 UTC,42.27418,-83.7419,"599 E Madison St, Ann Arbor, MI 48104, USA",2020-01-16 20:59:28 +0000 UTC,42.28784,-83.74346,"325 Depot St, Ann Arbor, MI 48104, USA",1.20,7.9,USD
237,UberX,CANCELED,2020-01-12 09:06:16 +0000 UTC,1970-01-01 00:00:00 +0000 UTC,,,,1970-01-01 00:00:00 +0000 UTC,,,,0.00,0,USD
237,UberX,COMPLETED,2020-01-12 02:24:07 +0000 UTC,2020-01-12 02:29:24 +0000 UTC,42.27418,-83.74198,"599 E Madison St, Ann Arbor, MI 48104, USA",2020-01-12 02:39:17 +0000 UTC,42.24202,-83.71376,"2732 Mulberry Cir, Ann Arbor, MI 48108, USA",2.87,8.35,USD
237,UberX,COMPLETED,2020-01-11 08:43:33 +0000 UTC,2020-01-11 08:47:01 +0000 UTC,42.2717994,-83.7478263,"145 Hill St, Ann Arbor, MI 48104, USA",2020-01-11 08:51:12 +0000 UTC,42.2748011,-83.7431265,"540 Thompson St, Ann Arbor, MI 48104, USA",1.30,10.85,USD
237,UberX,CANCELED,2020-01-11 08:25:23 +0000 UTC,1970-01-01 00:00:00 +0000 UTC,,,,1970-01-01 00:00:00 +0000 UTC,,,,0.00,0,USD
237,UberX,COMPLETED,2020-01-11 06:58:22 +0000 UTC,2020-01-11 07:02:18 +0000 UTC,42.2829155,-83.7485331,"217 N Main St, Ann Arbor, MI 48104, USA",2020-01-11 07:06:26 +0000 UTC,42.2714086,-83.747553,"North, Buhr Bldg, Greene St, Ann Arbor, MI 48104, USA",0.92,7.15,USD
237,UberX,COMPLETED,2020-01-11 02:43:24 +0000 UTC,2020-01-11 02:49:24 +0000 UTC,42.27418,-83.74182,"599 E Madison St, Ann Arbor, MI 48104, USA",2020-01-11 02:51:32 +0000 UTC,42.27456,-83.73577,"611 E University Ave, Ann Arbor, MI 48104, USA",0.38,5.65,USD
237,UberEATS Marketplace,COMPLETED,2019-12-16 00:49:00 +0000 UTC,2019-12-16 03:49:20 +0000 UTC,42.2747433,-83.7431422,"541 Thompson St, Ann Arbor, MI 48109, US",2019-12-16 03:49:20 +0000 UTC,42.2747433,-83.7431422,"541 Thompson St, Ann Arbor, MI 48109, US",0.24,21.19,USD
237,UberX,COMPLETED,2019-12-14 01:45:32 +0000 UTC,2019-12-14 01:52:50 +0000 UTC,42.24207,-83.71405,"3223 Homestead Commons Dr, Ann Arbor, MI 48108, USA",2019-12-14 02:06:48 +0000 UTC,42.2913,-83.71789,"1290 Murfin Ave, Ann Arbor, MI 48109, USA",5.55,12.11,USD
237,UberX,COMPLETED,2019-12-13 06:49:13 +0000 UTC,2019-12-13 06:56:59 +0000 UTC,42.2737392,-83.7489028,"615 S Main St, Ann Arbor, MI 48104, USA",2019-12-13 06:58:58 +0000 UTC,42.2747006,-83.743158,"541 Thompson St, Ann Arbor, MI 48109, US",0.53,5.97,USD
237,UberX,COMPLETED,2019-12-11 07:10:44 +0000 UTC,2019-12-11 07:20:22 +0000 UTC,42.27489,-83.73465,"1140 S University Ave, Ann Arbor, MI 48104, USA",2019-12-11 07:23:35 +0000 UTC,42.2748,-83.74314,"540 Thompson St, Ann Arbor, MI 48104, USA",0.75,7.64,USD
237,UberX,COMPLETED,2019-12-11 04:17:01 +0000 UTC,2019-12-11 04:21:44 +0000 UTC,42.28051,-83.74949,"116 W Washington St, Ann Arbor, MI 48104, USA",2019-12-11 04:27:55 +0000 UTC,42.27488,-83.73457,"1200 S University Ave, Ann Arbor, MI 48104, USA",1.25,6.22,USD
237,UberX,COMPLETED,2019-12-11 02:49:53 +0000 UTC,2019-12-11 02:57:36 +0000 UTC,42.27418,-83.74203,"599 E Madison St, Ann Arbor, MI 48104, USA",2019-12-11 03:00:56 +0000 UTC,42.28051,-83.74933,"116 W Washington St, Ann Arbor, MI 48104, USA",0.76,6.43,USD
237,UberX,COMPLETED,2019-12-10 14:19:58 +0000 UTC,2019-12-10 14:25:33 +0000 UTC,42.28788,-83.74345,"325 Depot St, Ann Arbor, MI 48104, USA",2019-12-10 14:32:40 +0000 UTC,42.27462,-83.74314,"540 Thompson St, Ann Arbor, MI 48104, USA",1.15,6.04,USD
237,UberX,COMPLETED,2019-12-05 20:46:27 +0000 UTC,2019-12-05 20:53:53 +0000 UTC,42.27424,-83.74274,"501 E Madison St, Ann Arbor, MI 48104, USA",2019-12-05 20:59:13 +0000 UTC,42.28788,-83.74354,"325 Depot St, Ann Arbor, MI 48104, USA",1.06,6.15,USD
237,UberX,COMPLETED,2019-11-25 14:16:21 +0000 UTC,2019-11-25 14:18:22 +0000 UTC,42.2879395,-83.7434754,"325 Depot St, Ann Arbor, MI 48104, USA",2019-11-25 14:24:16 +0000 UTC,42.275604,-83.7425338,"Fleming Adminstration Bldg, 503 Thompson St, Ann Arbor, MI 48109, USA",1.12,6.03,USD
237,UberX,COMPLETED,2019-11-23 08:55:04 +0000 UTC,2019-11-23 09:27:12 +0000 UTC,42.2749013,-83.7431341,"508 Thompson St, Ann Arbor, MI 48104, USA",2019-11-23 09:30:09 +0000 UTC,42.2876896,-83.743297,"Ann Arbor, MI 48104, USA",0.99,8.6,USD
237,UberX,COMPLETED,2019-11-21 23:34:16 +0000 UTC,2019-11-21 23:45:24 +0000 UTC,42.30449,-83.70862,"Unnamed Road, Ann Arbor, MI 48105, USA",2019-11-21 23:52:07 +0000 UTC,42.29128,-83.71795,"1290 Murfin Ave, Ann Arbor, MI 48109, USA",1.58,10.37,USD
237,UberX,CANCELED,2019-11-21 23:16:55 +0000 UTC,1970-01-01 00:00:00 +0000 UTC,42.2879,-83.69805,"3750 Jones Creek Dr, Buford, GA 30519, US",1970-01-01 00:00:00 +0000 UTC,42.30505703021056,-83.69486572228716,"3393 Plymouth Rd, Ann Arbor, MI 48105, US",0.00,0,USD
237,UberX,COMPLETED,2019-11-21 22:27:47 +0000 UTC,2019-11-21 22:42:01 +0000 UTC,42.29039,-83.71772,"Ann Arbor, MI 48109, USA",2019-11-21 22:47:31 +0000 UTC,42.30446,-83.70866,"Unnamed Road, Ann Arbor, MI 48105, USA",1.41,8.5,USD
237,UberX,COMPLETED,2019-11-03 08:31:45 +0000 UTC,2019-11-03 08:40:19 +0000 UTC,42.2737948,-83.7488865,"601 S Main St, Ann Arbor, MI 48104, USA",2019-11-03 08:46:43 +0000 UTC,42.2747553,-83.7431492,"West Quadrangle, Ann Arbor, MI 48109, USA",1.52,7.13,USD
237,UberX,COMPLETED,2019-11-03 04:12:44 +0000 UTC,2019-11-03 04:17:33 +0000 UTC,42.27423,-83.74174,"599 E Madison St, Ann Arbor, MI 48104, USA",2019-11-03 04:21:06 +0000 UTC,42.27147,-83.74754,"144 Hill St, Ann Arbor, MI 48104, USA",0.93,7.79,USD
237,UberX,COMPLETED,2019-11-03 03:19:20 +0000 UTC,2019-11-03 03:22:28 +0000 UTC,42.2691442,-83.7396155,"711 Arch St, Ann Arbor, MI 48104, USA",2019-11-03 03:26:04 +0000 UTC,42.2746552,-83.7432519,"409 E Madison St, Ann Arbor, MI 48104, USA",0.72,8.35,USD
237,UberX,COMPLETED,2019-11-03 02:18:24 +0000 UTC,2019-11-03 02:20:51 +0000 UTC,42.27284,-83.73573,"701 E University Ave, Ann Arbor, MI 48109, USA",2019-11-03 02:23:39 +0000 UTC,42.26906,-83.73988,"712 Arch St, Ann Arbor, MI 48104, USA",0.59,6.55,USD
237,UberX,COMPLETED,2019-11-02 23:04:45 +0000 UTC,2019-11-02 23:14:15 +0000 UTC,42.27418,-83.74169,"599 E Madison St, Ann Arbor, MI 48104, USA",2019-11-02 23:17:29 +0000 UTC,42.27315,-83.73573,"700 E University Ave, Ann Arbor, MI 48104, USA",0.48,9,USD
237,UberX,COMPLETED,2019-11-01 06:52:11 +0000 UTC,2019-11-01 06:59:52 +0000 UTC,42.27201,-83.74781,"131 Adams St, Ann Arbor, MI 48104, USA",2019-11-01 07:11:38 +0000 UTC,42.2944,-83.7231,"2170 Hubbard Rd, Ann Arbor, MI 48105, USA",3.77,14.07,USD
237,UberX,COMPLETED,2019-11-01 02:13:39 +0000 UTC,2019-11-01 02:19:54 +0000 UTC,42.27419,-83.74266,"501 E Madison St, Ann Arbor, MI 48104, USA",2019-11-01 02:23:53 +0000 UTC,42.28052,-83.74939,"116 W Washington St, Ann Arbor, MI 48104, USA",0.74,9.78,USD
237,UberEATS Marketplace,COMPLETED,2019-10-29 02:32:24 +0000 UTC,2019-10-29 02:52:58 +0000 UTC,42.2748104,-83.7425215,"541 Thompson St, Ann Arbor, MI 48109, US",2019-10-29 02:52:58 +0000 UTC,42.2748104,-83.7425215,"541 Thompson St, Ann Arbor, MI 48109, US",0.23,41.19,USD
237,UberX,COMPLETED,2019-10-27 00:45:30 +0000 UTC,2019-10-27 00:55:50 +0000 UTC,42.28057,-83.74971,"Ann Arbor, MI 48104, USA",2019-10-27 01:00:16 +0000 UTC,42.27476,-83.74314,"West Quadrangle, Ann Arbor, MI 48109, USA",0.87,12.75,USD
237,UberX,COMPLETED,2019-10-26 23:47:18 +0000 UTC,2019-10-26 23:57:05 +0000 UTC,42.2758034,-83.7432509,"502 Thompson St, Ann Arbor, MI 48104, USA",2019-10-27 00:03:33 +0000 UTC,42.2805431,-83.7492428,"112 W Washington St, Ann Arbor, MI 48104, USA",0.92,11.95,USD
237,UberX,COMPLETED,2019-10-26 15:25:07 +0000 UTC,2019-10-26 15:28:35 +0000 UTC,42.27791,-83.74074,"342 S State St, Ann Arbor, MI 48104, USA",2019-10-26 15:36:25 +0000 UTC,42.28674,-83.72222,"Ann Arbor, MI 48105, USA",2.06,8.88,USD
237,UberX,COMPLETED,2019-10-20 19:19:53 +0000 UTC,2019-10-20 19:31:04 +0000 UTC,42.25644,-83.68807,"3597 Washtenaw Ave, Ann Arbor, MI 48104, USA",2019-10-20 19:40:26 +0000 UTC,42.27487,-83.74314,"West Quadrangle, Ann Arbor, MI 48109, USA",3.46,9.45,USD
237,UberX,COMPLETED,2019-10-20 18:16:52 +0000 UTC,2019-10-20 18:21:15 +0000 UTC,42.27419,-83.7423,"568 E Madison St, Ann Arbor, MI 48104, USA",2019-10-20 18:32:26 +0000 UTC,42.2564,-83.6878,"3597 Washtenaw Ave, Ann Arbor, MI 48104, USA",3.51,12.32,USD
237,UberX,COMPLETED,2019-10-20 17:12:30 +0000 UTC,2019-10-20 17:31:08 +0000 UTC,42.23867,-83.74376,"Ann Arbor, MI 48108, USA",2019-10-20 17:42:58 +0000 UTC,42.27454,-83.74311,"540 Thompson St, Ann Arbor, MI 48104, USA",2.76,8.98,USD
237,UberX,COMPLETED,2019-10-18 12:15:04 +0000 UTC,2019-10-18 12:46:36 +0000 UTC,42.2747,-83.74314,"540 Thompson St, Ann Arbor, MI 48104, USA",2019-10-18 12:55:40 +0000 UTC,42.23867,-83.74376,"Ann Arbor, MI 48108, USA",2.76,10.32,USD
237,UberX,COMPLETED,2019-10-18 01:22:31 +0000 UTC,2019-10-18 01:36:37 +0000 UTC,42.23995,-83.76658,"3145 Ann Arbor-Saline Rd, Ann Arbor, MI 48108, USA",2019-10-18 01:52:16 +0000 UTC,42.2738,-83.74892,"601 S Main St, Ann Arbor, MI 48104, USA",5.71,13.33,USD
237,UberX,COMPLETED,2019-10-18 00:25:36 +0000 UTC,2019-10-18 00:33:54 +0000 UTC,42.2737836,-83.7488765,"601 S Main St, Ann Arbor, MI 48104, USA",2019-10-18 00:41:15 +0000 UTC,42.2399528,-83.7666086,"3145 Ann Arbor-Saline Rd, Ann Arbor, MI 48108, USA",2.76,12.95,USD
237,UberX,COMPLETED,2019-10-17 01:25:00 +0000 UTC,2019-10-17 01:29:51 +0000 UTC,42.2805415,-83.7492487,"112 W Washington St, Ann Arbor, MI 48104, USA",2019-10-17 01:35:29 +0000 UTC,42.2747519,-83.7431648,"West Quadrangle, Ann Arbor, MI 48109, USA",0.71,8.95,USD
237,UberX,COMPLETED,2019-10-16 23:48:53 +0000 UTC,2019-10-16 23:54:27 +0000 UTC,42.27418,-83.7417,"South Quadrangle, 600 E Madison St, Ann Arbor, MI 48109, USA",2019-10-17 00:00:52 +0000 UTC,42.28052,-83.74942,"116 W Washington St, Ann Arbor, MI 48104, USA",1.09,5.65,USD
237,UberX,COMPLETED,2019-10-15 23:53:53 +0000 UTC,2019-10-16 00:00:17 +0000 UTC,42.28788,-83.74345,"Ann Arbor, MI 48104, USA",2019-10-16 00:06:41 +0000 UTC,42.27471,-83.74314,"West Quadrangle, Ann Arbor, MI 48109, USA",1.15,5.82,USD
237,UberX,COMPLETED,2019-10-06 08:21:00 +0000 UTC,2019-10-06 08:28:19 +0000 UTC,42.27374,-83.74897,"601 S Main St, Ann Arbor, MI 48104, USA",2019-10-06 08:30:46 +0000 UTC,42.27479,-83.74314,"West Quadrangle, Ann Arbor, MI 48109, USA",1.05,8.24,USD
237,UberX,COMPLETED,2019-10-06 07:48:47 +0000 UTC,2019-10-06 07:51:45 +0000 UTC,42.2677489,-83.7356772,"1020 Michigan Ave, Ann Arbor, MI 48104, USA",2019-10-06 07:56:15 +0000 UTC,42.2737455,-83.7489605,"601 S Main St, Ann Arbor, MI 48104, USA",1.21,7.75,USD
237,UberX,COMPLETED,2019-10-06 06:21:37 +0000 UTC,2019-10-06 06:24:28 +0000 UTC,42.27408,-83.74867,"563 S Main St, Ann Arbor, MI 48104, USA",2019-10-06 06:29:16 +0000 UTC,42.26797,-83.73562,"1011 Michigan Ave, Ann Arbor, MI 48104, USA",1.18,11.56,USD
237,UberX,COMPLETED,2019-10-06 04:08:04 +0000 UTC,2019-10-06 04:15:09 +0000 UTC,42.2742446,-83.7423217,"West Quadrangle, Ann Arbor, MI 48109, USA",2019-10-06 04:19:42 +0000 UTC,42.2830242,-83.7483707,"220 N Main St, Ann Arbor, MI 48104, USA",0.93,9.8,USD
237,UberX,DRIVER_CANCELED,2019-10-06 03:58:21 +0000 UTC,1970-01-01 00:00:00 +0000 UTC,42.28129,-83.74977,"112 S Ashley St, Ann Arbor, MI 48104, US",1970-01-01 00:00:00 +0000 UTC,42.27414,-83.74274,"Speed Way & Ocean Front Walk, Playa del Rey, California 90293, US",0.00,5,USD
237,UberX,COMPLETED,2019-10-05 15:49:57 +0000 UTC,2019-10-05 15:58:46 +0000 UTC,42.2904023,-83.7181613,"Ann Arbor, MI 48109, USA",2019-10-05 16:07:29 +0000 UTC,42.2717614,-83.7479963,"143 Hill St, Ann Arbor, MI 48104, USA",2.68,8.82,USD
237,UberX,COMPLETED,2019-10-04 18:01:56 +0000 UTC,2019-10-04 18:08:01 +0000 UTC,42.2410609,-83.7491475,"100 Briarwood Cir, Ann Arbor, MI 48108, USA",2019-10-04 18:23:10 +0000 UTC,42.2802396,-83.7394827,"Modern Language Bldg, 812 E Washington St, Ann Arbor, MI 48109, USA",3.40,11.4,USD
237,UberX,COMPLETED,2019-10-03 19:47:36 +0000 UTC,2019-10-03 19:51:18 +0000 UTC,42.24167,-83.73995,"575 Briarwood Cir, Ann Arbor, MI 48108, USA",2019-10-03 20:03:37 +0000 UTC,42.27497,-83.73605,"School of Social Work Building, Ann Arbor, MI 48109, USA",2.77,10.56,USD
237,UberX,COMPLETED,2019-10-03 15:11:37 +0000 UTC,2019-10-03 15:16:25 +0000 UTC,42.2742316,-83.7417421,"South Quadrangle, 600 E Madison St, Ann Arbor, MI 48109, USA",2019-10-03 15:26:30 +0000 UTC,42.2420082,-83.7137941,"2732 Mulberry Cir, Ann Arbor, MI 48108, USA",2.86,9.14,USD
237,UberX,COMPLETED,2019-10-02 02:14:36 +0000 UTC,2019-10-02 02:19:16 +0000 UTC,42.2738,-83.74894,"601 S Main St, Ann Arbor, MI 48104, USA",2019-10-02 02:28:36 +0000 UTC,42.24203,-83.71383,"2732 Mulberry Cir, Ann Arbor, MI 48108, USA",3.32,11.06,USD
237,UberX,COMPLETED,2019-09-23 00:03:20 +0000 UTC,2019-09-23 00:09:05 +0000 UTC,42.2878082,-83.74345,"325 Depot St, Ann Arbor, MI 48104, USA",2019-09-23 00:16:59 +0000 UTC,42.2747488,-83.7432313,"409 E Madison St, Ann Arbor, MI 48104, USA",1.50,5.94,USD
237,UberX,COMPLETED,2019-09-20 04:39:45 +0000 UTC,2019-09-20 04:47:00 +0000 UTC,42.24183,-83.71393,"3223 Homestead Commons Dr, Ann Arbor, MI 48108, USA",2019-09-20 04:55:03 +0000 UTC,42.27476,-83.74314,"West Quadrangle, Ann Arbor, MI 48109, USA",2.99,8.57,USD
237,UberX,COMPLETED,2019-09-14 05:59:20 +0000 UTC,2019-09-14 06:09:36 +0000 UTC,42.27418,-83.74189,"599 E Madison St, Ann Arbor, MI 48104, USA",2019-09-14 06:15:05 +0000 UTC,42.28161,-83.73108,"Alice C. Lloyd Hall, 100 Observatory St, Ann Arbor, MI 48109, USA",1.16,9.41,USD
237,UberX,COMPLETED,2019-09-14 05:39:48 +0000 UTC,2019-09-14 05:48:17 +0000 UTC,42.27126,-83.74753,"808 Greene St, Ann Arbor, MI 48104, USA",2019-09-14 05:52:12 +0000 UTC,42.27478,-83.74314,"West Quadrangle, Ann Arbor, MI 48109, USA",1.03,5.65,USD
237,UberX,COMPLETED,2019-09-14 03:13:53 +0000 UTC,2019-09-14 03:23:09 +0000 UTC,42.27419,-83.74249,"501 E Madison St, Ann Arbor, MI 48104, USA",2019-09-14 03:27:31 +0000 UTC,42.27127,-83.74753,"808 Greene St, Ann Arbor, MI 48104, USA",0.87,5.97,USD
237,UberX,COMPLETED,2019-09-08 15:01:07 +0000 UTC,2019-09-08 15:09:47 +0000 UTC,42.2474175,-83.7686178,"2655 Oak Valley Dr, Ann Arbor, MI 48103, USA",2019-09-08 15:31:32 +0000 UTC,42.2913132,-83.7178153,"1290 Murfin Ave, Ann Arbor, MI 48109, USA",12.18,19.76,USD
237,UberX,COMPLETED,2019-09-02 20:19:44 +0000 UTC,2019-09-02 20:25:12 +0000 UTC,42.27419,-83.74239,"568 E Madison St, Ann Arbor, MI 48104, USA",2019-09-02 20:33:53 +0000 UTC,42.27422,-83.7331,"1300 S University Ave, Ann Arbor, MI 48104, USA",1.60,7.64,USD
50,,UNFULFILLED,2019-08-24 05:12:56 +0000 UTC,1970-01-01 00:00:00 +0000 UTC,,,,1970-01-01 00:00:00 +0000 UTC,,,,0.00,0,USD
50,,UNFULFILLED,2019-08-24 03:37:05 +0000 UTC,1970-01-01 00:00:00 +0000 UTC,,,,1970-01-01 00:00:00 +0000 UTC,,,,0.00,0,USD
141,UberX,COMPLETED,2019-07-31 22:45:12 +0000 UTC,2019-07-31 22:48:34 +0000 UTC,39.10267,-84.51144,"47 E 6th St, Cincinnati, OH 45202, USA",2019-07-31 22:59:07 +0000 UTC,39.151,-84.47297,"Buenger Residence Hall, Cincinnati, OH 45207, USA",5.59,10.84,USD
141,UberX,COMPLETED,2019-07-25 00:44:53 +0000 UTC,2019-07-25 00:51:08 +0000 UTC,39.15905,-84.45632,"4474 Montgomery Rd, Norwood, OH 45212, USA",2019-07-25 00:56:24 +0000 UTC,39.15089,-84.47298,"Buenger Residence Hall, Cincinnati, OH 45207, USA",1.58,5.98,USD
141,UberX,COMPLETED,2019-07-24 21:44:48 +0000 UTC,2019-07-24 21:49:46 +0000 UTC,39.1509,-84.47254,"1624 Herald Ave, Cincinnati, OH 45207, USA",2019-07-24 21:56:50 +0000 UTC,39.15766,-84.45722,"4442 Montgomery Rd, Cincinnati, OH 45212, USA",1.35,6.4,USD
141,UberX,COMPLETED,2019-07-20 16:15:54 +0000 UTC,2019-07-20 16:23:26 +0000 UTC,39.15075,-84.47256,"1624 Herald Ave, Cincinnati, OH 45207, USA",2019-07-20 16:33:46 +0000 UTC,39.10196,-84.51153,"511 Walnut St, Cincinnati, OH 45202, USA",5.20,8.1,USD
141,UberX,FARE_SPLIT,2019-07-20 06:08:47 +0000 UTC,2019-07-20 06:18:52 +0000 UTC,,,,2019-07-20 06:29:42 +0000 UTC,,,,4.92,17.89,USD
141,UberX,COMPLETED,2019-07-19 23:09:02 +0000 UTC,2019-07-19 23:16:35 +0000 UTC,39.15092,-84.47296,"Buenger Residence Hall, Cincinnati, OH 45207, USA",2019-07-19 23:28:33 +0000 UTC,39.10203,-84.51155,"511 Walnut St, Cincinnati, OH 45202, USA",5.11,10.66,USD
141,UberEATS Marketplace,COMPLETED,2019-07-17 21:32:29 +0000 UTC,2019-07-17 22:06:13 +0000 UTC,39.150972,-84.473456,"3848 Ledgewood Dr, Cincinnati, OH 45207, US",2019-07-17 22:06:13 +0000 UTC,39.150972,-84.473456,"3848 Ledgewood Dr, Cincinnati, OH 45207, US",1.55,14.2,USD
141,UberX,COMPLETED,2019-07-15 00:08:12 +0000 UTC,2019-07-15 00:15:32 +0000 UTC,39.1508787,-84.4730036,"Buenger Residence Hall, Cincinnati, OH 45207, USA",2019-07-15 00:25:04 +0000 UTC,39.1040468,-84.5121105,"Cincinnati, OH 45202, USA",5.00,8.96,USD
141,UberX,COMPLETED,2019-07-11 22:29:04 +0000 UTC,2019-07-11 22:34:39 +0000 UTC,39.15089,-84.47254,"1624 Herald Ave, Cincinnati, OH 45207, USA",2019-07-11 22:45:46 +0000 UTC,39.1023,-84.51161,"539 Walnut St, Cincinnati, OH 45202, USA",5.12,9.01,USD
141,UberX,FARE_SPLIT,2019-07-10 21:47:06 +0000 UTC,2019-07-10 21:52:36 +0000 UTC,,,,2019-07-10 22:10:34 +0000 UTC,,,,6.51,11.89,USD
141,UberX,COMPLETED,2019-07-09 10:07:20 +0000 UTC,2019-07-09 10:14:31 +0000 UTC,39.12601,-84.50566,"2477 Paris St, Cincinnati, OH 45219, USA",2019-07-09 10:22:25 +0000 UTC,39.15088,-84.47254,"1624 Herald Ave, Cincinnati, OH 45207, USA",3.13,8.15,USD
141,UberX,COMPLETED,2019-07-08 21:58:34 +0000 UTC,2019-07-08 22:07:58 +0000 UTC,39.1513572,-84.4738228,"Buenger Residence Hall, Cincinnati, OH 45207, USA",2019-07-08 22:19:31 +0000 UTC,39.1259521,-84.5056805,"2475 Paris St, Cincinnati, OH 45219, USA",3.09,7.97,USD
141,UberX,COMPLETED,2019-07-08 03:01:22 +0000 UTC,2019-07-08 03:07:59 +0000 UTC,39.150936,-84.4730153,"Buenger Residence Hall, Cincinnati, OH 45207, USA",2019-07-08 03:15:40 +0000 UTC,39.1260789,-84.5056536,"2477 Paris St, Cincinnati, OH 45219, USA",3.63,16.26,USD
141,UberX,COMPLETED,2019-07-03 20:42:14 +0000 UTC,2019-07-03 20:48:53 +0000 UTC,39.15091,-84.47291,"Buenger Residence Hall, Cincinnati, OH 45207, USA",2019-07-03 20:59:30 +0000 UTC,39.12317,-84.49438,"2318 Wilkinson St, Cincinnati, OH 45206, USA",2.80,10.68,USD
141,UberX,CANCELED,2019-07-03 20:40:25 +0000 UTC,1970-01-01 00:00:00 +0000 UTC,39.1559665,-84.4370858,"2791 Robertson Ave, Cincinnati, OH 45209, US",1970-01-01 00:00:00 +0000 UTC,39.153039,-84.4408045,"2728 Minot Ave, Cincinnati, OH 45209, US",0.00,0,USD
141,UberX,FARE_SPLIT,2019-07-02 23:05:44 +0000 UTC,2019-07-02 23:09:49 +0000 UTC,,,,2019-07-02 23:19:53 +0000 UTC,,,,5.14,9.32,USD
141,UberX,CANCELED,2019-07-02 21:57:16 +0000 UTC,1970-01-01 00:00:00 +0000 UTC,39.0560616,-84.4177836,"Kellogg Ave & Sutton Rd, Cincinnati, Ohio 45230, US",1970-01-01 00:00:00 +0000 UTC,39.053115,-84.4168601,"Unnamed Road, Cincinnati, OH 45230, USA",0.00,0,USD
141,UberX,FARE_SPLIT,2019-07-02 19:49:09 +0000 UTC,2019-07-02 19:50:43 +0000 UTC,,,,2019-07-02 20:01:39 +0000 UTC,,,,3.74,7.44,USD
141,UberXL,COMPLETED,2019-07-01 03:13:27 +0000 UTC,2019-07-01 03:19:02 +0000 UTC,39.12605,-84.50565,"2477 Paris St, Cincinnati, OH 45219, USA",2019-07-01 03:28:47 +0000 UTC,39.15149,-84.47368,"3860 Ledgewood Dr, Cincinnati, OH 45207, USA",3.25,11.8,USD
141,UberX,COMPLETED,2019-06-30 05:19:35 +0000 UTC,2019-06-30 05:24:23 +0000 UTC,39.1509967,-84.472944,"Buenger Residence Hall, Cincinnati, OH 45207, USA",2019-06-30 05:32:45 +0000 UTC,39.1260333,-84.5056782,"2477 Paris St, Cincinnati, OH 45219, USA",3.63,7.74,USD
141,UberX,COMPLETED,2019-06-29 23:56:46 +0000 UTC,2019-06-30 00:01:31 +0000 UTC,39.12642,-84.50561,"2487 Paris St, Cincinnati, OH 45219, USA",2019-06-30 00:10:19 +0000 UTC,39.15149,-84.47368,"3860 Ledgewood Dr, Cincinnati, OH 45207, USA",3.55,8.3,USD
141,UberX,COMPLETED,2019-06-29 21:57:16 +0000 UTC,2019-06-29 22:03:58 +0000 UTC,39.14059,-84.51019,"3262 Glendora Ave, Cincinnati, OH 45220, USA",2019-06-29 22:07:29 +0000 UTC,39.12942,-84.50959,"2607 Short Vine St, Cincinnati, OH 45219, USA",0.95,7.64,USD
141,UberX,COMPLETED,2019-06-29 04:52:11 +0000 UTC,2019-06-29 05:05:52 +0000 UTC,39.1507466,-84.4729833,"Buenger Residence Hall, Cincinnati, OH 45207, USA",2019-06-29 05:15:30 +0000 UTC,39.1260408,-84.5056412,"2477 Paris St, Cincinnati, OH 45219, USA",3.61,7.93,USD
141,UberX,FARE_SPLIT,2019-06-25 21:51:20 +0000 UTC,2019-06-25 21:56:13 +0000 UTC,,,,2019-06-25 22:10:59 +0000 UTC,,,,5.23,9.96,USD
141,UberX,COMPLETED,2019-06-25 05:16:11 +0000 UTC,2019-06-25 05:22:31 +0000 UTC,39.12599,-84.50566,"2475 Paris St, Cincinnati, OH 45219, USA",2019-06-25 05:30:02 +0000 UTC,39.15137,-84.47383,"Manor House Apartments, Cincinnati, OH 45207, USA",3.04,8.4,USD
141,UberX,COMPLETED,2019-06-25 00:57:28 +0000 UTC,2019-06-25 01:01:30 +0000 UTC,39.1510601,-84.4728998,"Buenger Residence Hall, Cincinnati, OH 45207, USA",2019-06-25 01:11:53 +0000 UTC,39.1258786,-84.5056738,"2468 Paris St, Cincinnati, OH 45219, USA",3.71,7.57,USD
141,UberX,COMPLETED,2019-06-21 21:26:46 +0000 UTC,2019-06-21 21:35:28 +0000 UTC,39.150964,-84.4729498,"Buenger Residence Hall, Cincinnati, OH 45207, USA",2019-06-21 21:45:58 +0000 UTC,39.1231429,-84.4942643,"2318 Kenton St, Cincinnati, OH 45206, USA",3.98,7.89,USD
141,UberX,COMPLETED,2019-06-21 19:14:35 +0000 UTC,2019-06-21 19:20:15 +0000 UTC,39.10293,-84.50587,"2 Procter & Gamble Plaza, Cincinnati, OH 45202, USA",2019-06-21 19:29:41 +0000 UTC,39.15151,-84.47376,"Manor House Apartments, Cincinnati, OH 45207, USA",4.68,10.56,USD
141,UberX,COMPLETED,2019-06-19 20:07:53 +0000 UTC,2019-06-19 20:16:54 +0000 UTC,39.10837,-84.51809,"1217 Elm St, Cincinnati, OH 45202, USA",2019-06-19 20:26:17 +0000 UTC,39.10302,-84.50595,"2 Procter & Gamble Plaza, Cincinnati, OH 45202, USA",1.42,14.02,USD
141,UberX,FARE_SPLIT,2019-06-19 15:12:04 +0000 UTC,2019-06-19 15:14:21 +0000 UTC,,,,2019-06-19 15:19:24 +0000 UTC,,,,1.09,7.55,USD
141,UberX,COMPLETED,2019-06-19 13:01:41 +0000 UTC,2019-06-19 13:06:02 +0000 UTC,39.1508485,-84.4729018,"Buenger Residence Hall, Cincinnati, OH 45207, USA",2019-06-19 13:16:42 +0000 UTC,39.1030316,-84.5058062,"2 Procter & Gamble Plaza, Cincinnati, OH 45202, USA",6.24,12.31,USD
141,UberX,COMPLETED,2019-06-19 12:40:03 +0000 UTC,2019-06-19 12:44:28 +0000 UTC,39.10302,-84.50595,"2 Procter & Gamble Plaza, Cincinnati, OH 45202, USA",2019-06-19 12:54:59 +0000 UTC,39.15086,-84.47255,"1624 Herald Ave, Cincinnati, OH 45207, USA",4.76,11.05,USD
141,UberX,COMPLETED,2019-06-18 00:52:58 +0000 UTC,2019-06-18 00:56:54 +0000 UTC,39.12605,-84.50576,"2477 Paris St, Cincinnati, OH 45219, USA",2019-06-18 01:04:44 +0000 UTC,39.1509,-84.47254,"1624 Herald Ave, Cincinnati, OH 45207, USA",3.45,8.17,USD
141,UberX,COMPLETED,2019-06-17 21:01:55 +0000 UTC,2019-06-17 21:07:01 +0000 UTC,39.15097,-84.47301,"Buenger Residence Hall, Cincinnati, OH 45207, USA",2019-06-17 21:17:50 +0000 UTC,39.12617,-84.50564,"2481 Paris St, Cincinnati, OH 45219, USA",3.72,7.9,USD
141,UberX,COMPLETED,2019-06-17 09:51:45 +0000 UTC,2019-06-17 10:01:24 +0000 UTC,39.1260307,-84.5057425,"2477 Paris St, Cincinnati, OH 45219, USA",2019-06-17 10:09:29 +0000 UTC,39.1508422,-84.4729539,"Buenger Residence Hall, Cincinnati, OH 45207, USA",3.24,15.25,USD
141,UberX,COMPLETED,2019-06-17 03:03:30 +0000 UTC,2019-06-17 03:09:43 +0000 UTC,39.1508952,-84.4729635,"Buenger Residence Hall, Cincinnati, OH 45207, USA",2019-06-17 03:20:51 +0000 UTC,39.125984,-84.505693,"2475 Paris St, Cincinnati, OH 45219, USA",3.84,7.48,USD
141,UberX,FARE_SPLIT,2019-06-16 20:34:37 +0000 UTC,2019-06-16 20:44:19 +0000 UTC,,,,2019-06-16 20:51:43 +0000 UTC,,,,1.53,6.94,USD
141,UberX,FARE_SPLIT,2019-06-16 19:31:56 +0000 UTC,2019-06-16 19:46:31 +0000 UTC,,,,2019-06-16 19:51:32 +0000 UTC,,,,1.46,7.91,USD
141,UberX,COMPLETED,2019-06-15 14:54:28 +0000 UTC,2019-06-15 14:59:25 +0000 UTC,39.12607,-84.50566,"2477 Paris St, Cincinnati, OH 45219, USA",2019-06-15 15:09:28 +0000 UTC,39.15086,-84.47255,"1624 Herald Ave, Cincinnati, OH 45207, USA",3.29,8.18,USD
141,UberX,COMPLETED,2019-06-14 23:47:25 +0000 UTC,2019-06-14 23:54:39 +0000 UTC,39.1508956,-84.4729839,"Buenger Residence Hall, Cincinnati, OH 45207, USA",2019-06-15 00:06:01 +0000 UTC,39.1283648,-84.5098799,"Kroger, 1 W Corry St, Cincinnati, OH 45219, USA",3.29,8.27,USD
141,UberX,COMPLETED,2019-06-14 22:34:34 +0000 UTC,2019-06-14 22:46:04 +0000 UTC,39.07978,-84.48051,"1847 Monmouth St, Newport, KY 41071, USA",2019-06-14 23:03:55 +0000 UTC,39.15095,-84.47294,"Buenger Residence Hall, Cincinnati, OH 45207, USA",7.21,11.88,USD
141,UberX,FARE_SPLIT,2019-06-14 20:17:10 +0000 UTC,2019-06-14 20:20:48 +0000 UTC,,,,2019-06-14 20:33:47 +0000 UTC,,,,3.95,10.04,USD
141,UberX,COMPLETED,2019-06-14 19:08:54 +0000 UTC,2019-06-14 19:13:44 +0000 UTC,39.14776,-84.4742,"William College of Business, 3743 Ledgewood Dr, Cincinnati, OH 45207, USA",2019-06-14 19:23:08 +0000 UTC,39.10298,-84.50587,"2 Procter & Gamble Plaza, Cincinnati, OH 45202, USA",4.92,9.04,USD
141,UberX,CANCELED,2019-06-14 19:00:09 +0000 UTC,1970-01-01 00:00:00 +0000 UTC,39.15369,-84.4833547,"897 Clinton Springs Ave, Cincinnati, OH 45229, US",1970-01-01 00:00:00 +0000 UTC,39.1527008,-84.4830655,"4439 Walzem Rd, San Antonio, TX 78218, US",0.00,0,USD
141,UberX,COMPLETED,2019-06-14 18:14:10 +0000 UTC,2019-06-14 18:17:30 +0000 UTC,39.10293,-84.50588,"2 Procter & Gamble Plaza, Cincinnati, OH 45202, USA",2019-06-14 18:26:08 +0000 UTC,39.14776,-84.4742,"William College of Business, 3743 Ledgewood Dr, Cincinnati, OH 45207, USA",4.88,9.86,USD
141,UberX,COMPLETED,2019-06-13 22:03:49 +0000 UTC,2019-06-13 22:11:09 +0000 UTC,39.15086,-84.47255,"1624 Herald Ave, Cincinnati, OH 45207, USA",2019-06-13 22:19:31 +0000 UTC,39.12596,-84.50566,"2475 Paris St, Cincinnati, OH 45219, USA",3.62,7.68,USD
141,UberX,COMPLETED,2019-06-12 12:02:38 +0000 UTC,2019-06-12 12:12:34 +0000 UTC,39.15096,-84.473,"Buenger Residence Hall, Cincinnati, OH 45207, USA",2019-06-12 12:25:24 +0000 UTC,39.10298,-84.50587,"2 Procter & Gamble Plaza, Cincinnati, OH 45202, USA",5.07,12.54,USD
141,UberX,COMPLETED,2019-06-09 23:01:59 +0000 UTC,2019-06-09 23:09:07 +0000 UTC,39.1260103,-84.5057473,"2477 Paris St, Cincinnati, OH 45219, USA",2019-06-09 23:16:07 +0000 UTC,39.1513805,-84.4737832,"Buenger Residence Hall, Cincinnati, OH 45207, USA",3.38,7.46,USD
141,UberX,COMPLETED,2019-06-09 07:32:56 +0000 UTC,2019-06-09 07:47:50 +0000 UTC,39.1509606,-84.4729743,"Buenger Residence Hall, Cincinnati, OH 45207, USA",2019-06-09 07:57:57 +0000 UTC,39.1258941,-84.5056557,"2468 Paris St, Cincinnati, OH 45219, USA",3.62,7.85,USD
141,UberX,COMPLETED,2019-06-09 01:14:43 +0000 UTC,2019-06-09 01:18:09 +0000 UTC,39.1260661,-84.5056576,"2477 Paris St, Cincinnati, OH 45219, USA",2019-06-09 01:27:27 +0000 UTC,39.1509007,-84.4730172,"Buenger Residence Hall, Cincinnati, OH 45207, USA",3.44,7.61,USD
141,UberX,COMPLETED,2019-06-08 20:14:05 +0000 UTC,2019-06-08 20:19:27 +0000 UTC,39.1509974,-84.4730861,"Buenger Residence Hall, Cincinnati, OH 45207, USA",2019-06-08 20:28:58 +0000 UTC,39.1259384,-84.5056991,"2475 Paris St, Cincinnati, OH 45219, USA",3.62,8.15,USD
141,UberX,COMPLETED,2019-06-06 21:06:39 +0000 UTC,2019-06-06 21:20:22 +0000 UTC,39.15125,-84.44591,"4000 Smith Rd, Cincinnati, OH 45209, USA",2019-06-06 21:30:07 +0000 UTC,39.15091,-84.47254,"1624 Herald Ave, Cincinnati, OH 45207, USA",2.79,10.82,USD
141,UberX,COMPLETED,2019-06-06 19:16:45 +0000 UTC,2019-06-06 19:17:53 +0000 UTC,39.1029643,-84.5058134,"2 Procter & Gamble Plaza, Cincinnati, OH 45202, USA",2019-06-06 19:26:06 +0000 UTC,39.1518936,-84.4450257,"2650 Dacey Ave, Cincinnati, OH 45209, USA",5.60,11.03,USD
141,UberX,COMPLETED,2019-06-05 10:06:39 +0000 UTC,2019-06-05 10:12:41 +0000 UTC,39.1258546,-84.50572,"2473 Paris St, Cincinnati, OH 45219, USA",2019-06-05 10:22:43 +0000 UTC,39.1509339,-84.4730054,"Buenger Residence Hall, Cincinnati, OH 45207, USA",3.35,8.3,USD
141,UberX,COMPLETED,2019-06-04 21:50:10 +0000 UTC,2019-06-04 21:59:02 +0000 UTC,39.15137,-84.47386,"Manor House Apartments, Cincinnati, OH 45207, USA",2019-06-04 22:15:19 +0000 UTC,39.12591,-84.50567,"2468 Paris St, Cincinnati, OH 45219, USA",4.42,8.25,USD
141,UberX,FARE_SPLIT,2019-06-04 20:17:30 +0000 UTC,2019-06-04 20:20:10 +0000 UTC,,,,2019-06-04 20:31:43 +0000 UTC,,,,4.78,11.51,USD
141,UberX,COMPLETED,2019-06-04 12:20:24 +0000 UTC,2019-06-04 12:30:41 +0000 UTC,39.15095,-84.47253,"1624 Herald Ave, Cincinnati, OH 45207, USA",2019-06-04 12:43:09 +0000 UTC,39.10298,-84.50587,"2 Procter & Gamble Plaza, Cincinnati, OH 45202, USA",5.59,10.03,USD
141,UberX,COMPLETED,2019-06-03 20:37:09 +0000 UTC,2019-06-03 20:39:19 +0000 UTC,39.10298,-84.50587,"2 Procter & Gamble Plaza, Cincinnati, OH 45202, USA",2019-06-03 20:51:02 +0000 UTC,39.15089,-84.47254,"1624 Herald Ave, Cincinnati, OH 45207, USA",4.75,11.27,USD
141,UberX,COMPLETED,2019-06-03 12:20:45 +0000 UTC,2019-06-03 12:31:03 +0000 UTC,39.1509592,-84.4729616,"Buenger Residence Hall, Cincinnati, OH 45207, USA",2019-06-03 12:44:49 +0000 UTC,39.1029784,-84.5059335,"2 Procter & Gamble Plaza, Cincinnati, OH 45202, USA",5.11,10.2,USD
141,UberX,COMPLETED,2019-06-03 04:53:25 +0000 UTC,2019-06-03 05:01:59 +0000 UTC,39.12588,-84.50565,"2468 Paris St, Cincinnati, OH 45219, USA",2019-06-03 05:11:14 +0000 UTC,39.15153,-84.47379,"Manor House Apartments, Cincinnati, OH 45207, USA",4.29,8.06,USD
141,UberX,COMPLETED,2019-06-02 20:05:14 +0000 UTC,2019-06-02 20:12:12 +0000 UTC,39.1510524,-84.4729887,"Buenger Residence Hall, Cincinnati, OH 45207, USA",2019-06-02 20:23:50 +0000 UTC,39.1260366,-84.505643,"2477 Paris St, Cincinnati, OH 45219, USA",3.14,7.53,USD
141,UberX,COMPLETED,2019-06-02 10:11:28 +0000 UTC,2019-06-02 10:20:54 +0000 UTC,39.12595,-84.50567,"2475 Paris St, Cincinnati, OH 45219, USA",2019-06-02 10:29:26 +0000 UTC,39.15148,-84.47361,"3860 Ledgewood Dr, Cincinnati, OH 45207, USA",3.21,8.72,USD
141,UberX,COMPLETED,2019-06-02 02:18:22 +0000 UTC,2019-06-02 02:25:53 +0000 UTC,39.15133,-84.47383,"Buenger Residence Hall, Cincinnati, OH 45207, USA",2019-06-02 02:33:43 +0000 UTC,39.12564,-84.5057,"2464 Paris St, Cincinnati, OH 45219, USA",3.69,8.08,USD
141,UberX,FARE_SPLIT,2019-05-31 23:06:58 +0000 UTC,2019-05-31 23:13:33 +0000 UTC,,,,2019-05-31 23:17:41 +0000 UTC,,,,1.47,7.17,USD
141,UberX,FARE_SPLIT,2019-05-31 22:03:32 +0000 UTC,2019-05-31 22:14:43 +0000 UTC,,,,2019-05-31 22:21:48 +0000 UTC,,,,1.56,7.33,USD
141,UberX,COMPLETED,2019-05-31 20:52:52 +0000 UTC,2019-05-31 20:55:53 +0000 UTC,39.1029,-84.50593,"2 Procter & Gamble Plaza, Cincinnati, OH 45202, USA",2019-05-31 21:06:25 +0000 UTC,39.15094,-84.47303,"Buenger Residence Hall, Cincinnati, OH 45207, USA",4.76,10.52,USD
141,UberX,COMPLETED,2019-05-31 01:06:28 +0000 UTC,2019-05-31 01:17:46 +0000 UTC,39.1509146,-84.4730014,"Buenger Residence Hall, Cincinnati, OH 45207, USA",2019-05-31 01:27:19 +0000 UTC,39.1256778,-84.5057011,"2464 Paris St, Cincinnati, OH 45219, USA",3.13,7.53,USD
141,UberX,COMPLETED,2019-05-30 04:30:31 +0000 UTC,2019-05-30 04:35:00 +0000 UTC,39.1254624,-84.5056887,"166 Kinsey Ave, Cincinnati, OH 45219, USA",2019-05-30 04:42:43 +0000 UTC,39.1515763,-84.4738467,"Manor House Apartments, Cincinnati, OH 45207, USA",2.97,8.39,USD
141,UberX,COMPLETED,2019-05-29 22:01:05 +0000 UTC,2019-05-29 22:08:46 +0000 UTC,39.1509,-84.47301,"Buenger Residence Hall, Cincinnati, OH 45207, USA",2019-05-29 22:16:58 +0000 UTC,39.12572,-84.50571,"2464 Paris St, Cincinnati, OH 45219, USA",3.60,7.54,USD
141,UberX,COMPLETED,2019-05-28 12:12:18 +0000 UTC,2019-05-28 12:20:04 +0000 UTC,39.15095,-84.47299,"Buenger Residence Hall, Cincinnati, OH 45207, USA",2019-05-28 12:30:36 +0000 UTC,39.10323,-84.50672,"1 Procter & Gamble Plaza, Cincinnati, OH 45202, USA",5.32,9.63,USD
141,UberX,CANCELED,2019-05-24 22:04:38 +0000 UTC,1970-01-01 00:00:00 +0000 UTC,39.14845,-84.46629,"1780 Cleneay Ave, Cincinnati, OH 45212, US",1970-01-01 00:00:00 +0000 UTC,39.14844973016451,-84.46622754455028,"3813 Montgomery Rd, Cincinnati, OH 45212, US",0.00,0,USD
141,UberX,CANCELED,2019-05-24 22:01:53 +0000 UTC,1970-01-01 00:00:00 +0000 UTC,39.12959,-84.47704,"2821 Woodburn Ave, Cincinnati, OH 45206, US",1970-01-01 00:00:00 +0000 UTC,39.12895577032038,-84.47724103004157,"1010 NE 7th Ave, Portland, OR 97232, US",0.00,0,USD
141,UberX,COMPLETED,2019-05-24 20:35:29 +0000 UTC,2019-05-24 20:42:53 +0000 UTC,39.1030131,-84.5058763,"2 Procter & Gamble Plaza, Cincinnati, OH 45202, USA",2019-05-24 20:52:23 +0000 UTC,39.1476859,-84.4727544,"246 Washington Blvd, Abilene, TX 79601, US",5.10,10.62,USD
141,UberX,COMPLETED,2019-05-21 12:19:08 +0000 UTC,2019-05-21 12:22:49 +0000 UTC,39.15098,-84.473,"Buenger Residence Hall, Cincinnati, OH 45207, USA",2019-05-21 12:41:44 +0000 UTC,39.10293,-84.50588,"2 Procter & Gamble Plaza, Cincinnati, OH 45202, USA",8.13,14.31,USD
141,UberX,COMPLETED,2019-05-19 23:39:04 +0000 UTC,2019-05-19 23:52:37 +0000 UTC,39.12615,-84.51965,"Cincinnati, OH 45219, USA",2019-05-20 00:03:02 +0000 UTC,39.15139,-84.47385,"Manor House Apartments, Cincinnati, OH 45207, USA",4.00,9.54,USD
141,UberX,COMPLETED,2019-05-19 18:35:41 +0000 UTC,2019-05-19 18:42:07 +0000 UTC,39.1588302,-84.4559636,"4400 Montgomery Rd, Cincinnati, OH 45212, USA",2019-05-19 18:47:08 +0000 UTC,39.1514178,-84.4727638,"Buenger Residence Hall, Cincinnati, OH 45207, USA",1.56,6.4,USD
141,UberX,COMPLETED,2019-05-19 04:52:04 +0000 UTC,2019-05-19 04:58:15 +0000 UTC,39.13653,-84.50792,"3130 Ahrens St, Cincinnati, OH 45219, USA",2019-05-19 05:07:10 +0000 UTC,39.15149,-84.47368,"3860 Ledgewood Dr, Cincinnati, OH 45207, USA",2.74,11.18,USD
141,UberX,COMPLETED,2019-05-19 01:10:21 +0000 UTC,2019-05-19 01:19:10 +0000 UTC,39.1509334,-84.4729942,"Buenger Residence Hall, Cincinnati, OH 45207, USA",2019-05-19 01:27:52 +0000 UTC,39.1365407,-84.5076568,"Marriott Kingsgate Conference Center, 151 Goodman St, Cincinnati, OH 45219, USA",3.40,8.32,USD
141,UberX,COMPLETED,2019-05-18 06:35:30 +0000 UTC,2019-05-18 06:38:24 +0000 UTC,39.1277,-84.51753,"144 W McMillan St, Cincinnati, OH 45219, USA",2019-05-18 06:54:49 +0000 UTC,39.15097,-84.47299,"Buenger Residence Hall, Cincinnati, OH 45207, USA",5.13,14.06,USD
141,UberX,COMPLETED,2019-05-18 00:27:31 +0000 UTC,2019-05-18 00:34:54 +0000 UTC,39.1509646,-84.4729952,"Buenger Residence Hall, Cincinnati, OH 45207, USA",2019-05-18 00:49:16 +0000 UTC,39.1010404,-84.5123331,"21 E 5th St, Cincinnati, OH 45202, USA",5.50,9.25,USD
237,UberX,COMPLETED,2019-04-27 07:16:59 +0000 UTC,2019-04-27 07:20:12 +0000 UTC,42.2737381,-83.7490534,"604 S Main St, Ann Arbor, MI 48104, USA",2019-04-27 07:37:16 +0000 UTC,42.2950936,-83.7177647,"2170 Cram Cir, Ann Arbor, MI 48105, USA",4.42,12.05,USD
237,UberX,COMPLETED,2019-04-21 07:19:16 +0000 UTC,2019-04-21 07:28:56 +0000 UTC,42.26708,-83.73748,"845 Brookwood Pl, Ann Arbor, MI 48104, USA",2019-04-21 07:35:35 +0000 UTC,42.28145,-83.73108,"Alice C. Lloyd Hall, 100 Observatory St, Ann Arbor, MI 48109, USA",1.69,6.96,USD
237,UberX,COMPLETED,2019-04-21 04:45:33 +0000 UTC,2019-04-21 04:49:14 +0000 UTC,42.28136,-83.73108,"Alice C. Lloyd Hall, 100 Observatory St, Ann Arbor, MI 48109, USA",2019-04-21 04:54:13 +0000 UTC,42.279,-83.74861,"319 S Main St, Ann Arbor, MI 48104, USA",1.22,6.34,USD
237,UberX,COMPLETED,2019-04-20 16:01:37 +0000 UTC,2019-04-20 16:08:41 +0000 UTC,42.28106,-83.73107,"Alice C. Lloyd Hall, 100 Observatory St, Ann Arbor, MI 48109, USA",2019-04-20 16:11:48 +0000 UTC,42.2787,-83.73772,"911 N University Ave, Ann Arbor, MI 48104, USA",0.62,7.15,USD
237,UberX,COMPLETED,2019-04-19 07:54:09 +0000 UTC,2019-04-19 08:02:49 +0000 UTC,42.2966129,-83.7215654,"1760 Broadway St, Ann Arbor, MI 48105, USA",2019-04-19 08:10:38 +0000 UTC,42.281542,-83.731203,"Alice C. Lloyd Hall, 100 Observatory St, Ann Arbor, MI 48109, USA",2.84,11.36,USD
237,UberX,CANCELED,2019-04-17 06:10:46 +0000 UTC,1970-01-01 00:00:00 +0000 UTC,42.27892,-83.73338,"401 Washtenaw Ave, Ann Arbor, MI 48109, US",1970-01-01 00:00:00 +0000 UTC,42.27760047717003,-83.73435570249181,"7027 FM 1464 Rd, Richmond, TX 77407, US",0.00,0,USD
237,UberX,CANCELED,2019-04-17 06:07:16 +0000 UTC,1970-01-01 00:00:00 +0000 UTC,42.28141,-83.73483,"109 Zina Pitcher Pl, Ann Arbor, MI 48109, US",1970-01-01 00:00:00 +0000 UTC,42.27891840044621,-83.73338115409364,"401 Washtenaw Ave, Ann Arbor, MI 48109, US",0.00,5,USD
237,UberX,COMPLETED,2019-04-16 02:18:05 +0000 UTC,2019-04-16 02:19:45 +0000 UTC,42.2803332,-83.7397498,"Burns Park, Ann Arbor, MI 48104, USA",2019-04-16 02:24:21 +0000 UTC,42.2805889,-83.749271,"112 W Washington St, Ann Arbor, MI 48104, USA",0.88,5.65,USD
237,UberX,COMPLETED,2019-04-13 11:57:59 +0000 UTC,2019-04-13 12:03:50 +0000 UTC,42.26964,-83.74201,"600 E Hoover Ave, Ann Arbor, MI 48104, USA",2019-04-13 12:10:23 +0000 UTC,42.26705,-83.7465,"326 E Hoover Ave, Ann Arbor, MI 48104, USA",1.51,10.27,USD
237,UberX,CANCELED,2019-04-13 11:50:41 +0000 UTC,1970-01-01 00:00:00 +0000 UTC,,,,1970-01-01 00:00:00 +0000 UTC,,,,0.00,0,USD
237,UberX,COMPLETED,2019-04-13 11:29:55 +0000 UTC,2019-04-13 11:42:26 +0000 UTC,42.2814081,-83.7312494,"Alice C. Lloyd Hall, 100 Observatory St, Ann Arbor, MI 48109, USA",2019-04-13 11:47:22 +0000 UTC,42.2696104,-83.7476091,"157 E Hoover Ave, Ann Arbor, MI 48104, USA",1.58,9.48,USD
237,UberX,COMPLETED,2019-04-12 06:46:41 +0000 UTC,2019-04-12 06:51:10 +0000 UTC,42.2813997,-83.7311718,"Alice C. Lloyd Hall, 100 Observatory St, Ann Arbor, MI 48109, USA",2019-04-12 06:57:22 +0000 UTC,42.2975859,-83.7197042,"1700 Murfin Ave, Ann Arbor, MI 48105, USA",2.63,7.05,USD
237,UberX,COMPLETED,2019-04-05 06:41:48 +0000 UTC,2019-04-05 06:45:26 +0000 UTC,42.26529,-83.73803,"1317 Sheehan Ave, Ann Arbor, MI 48104, USA",2019-04-05 06:50:55 +0000 UTC,42.28168,-83.7313,"Alice C. Lloyd Hall, 100 Observatory St, Ann Arbor, MI 48109, USA",1.61,6.37,USD
237,UberX,DRIVER_CANCELED,2019-04-05 02:40:36 +0000 UTC,1970-01-01 00:00:00 +0000 UTC,42.287595,-83.7134027,"Beal Ave & Fuller Rd, Ann Arbor, Michigan 48109, US",1970-01-01 00:00:00 +0000 UTC,42.2933267,-83.7125493,"1320 Beal Ave, Ann Arbor, MI 48109, US",0.00,5,USD
237,UberX,COMPLETED,2019-04-05 00:51:59 +0000 UTC,2019-04-05 00:58:03 +0000 UTC,42.2786588,-83.7310921,"324 Observatory St, Ann Arbor, MI 48109, USA",2019-04-05 01:06:46 +0000 UTC,42.2935996,-83.7125176,"1372 Beal Ave, Ann Arbor, MI 48109, USA",2.46,10.73,USD
50,UberX,COMPLETED,2019-03-30 07:35:22 +0000 UTC,2019-03-30 07:46:05 +0000 UTC,42.32849,-83.04059,"Renaissance Center, Detroit, MI, USA",2019-03-30 07:51:07 +0000 UTC,42.33139,-83.05079,"1020 Washington Blvd, Detroit, MI 48226, USA",1.00,6.9,USD
50,UberX,DRIVER_CANCELED,2019-03-30 07:25:15 +0000 UTC,2019-03-30 07:33:11 +0000 UTC,42.335,-83.04264,"461 Monroe St, Detroit, MI 48226, US",1970-01-01 00:00:00 +0000 UTC,42.33314,-83.04405,"748 Randolph St, Detroit, MI 48226, US",0.22,5,USD
237,UberX,COMPLETED,2019-03-24 16:47:16 +0000 UTC,2019-03-24 16:56:59 +0000 UTC,42.28788,-83.7435,"325 Depot St, Ann Arbor, MI 48104, USA",2019-03-24 17:03:41 +0000 UTC,42.28151,-83.73108,"Alice C. Lloyd Hall, 100 Observatory St, Ann Arbor, MI 48109, USA",1.02,5.66,USD
237,UberX,COMPLETED,2019-03-23 12:41:59 +0000 UTC,2019-03-23 12:55:38 +0000 UTC,42.28064,-83.73108,"Ann Arbor, MI 48109, USA",2019-03-23 13:06:32 +0000 UTC,42.23862,-83.74354,"Unnamed Road, Ann Arbor, MI 48108, USA",3.55,9.55,USD
237,UberX,COMPLETED,2019-03-17 06:17:40 +0000 UTC,2019-03-17 06:23:34 +0000 UTC,42.27005,-83.74044,"925 S State St, Ann Arbor, MI 48104, USA",2019-03-17 06:28:59 +0000 UTC,42.28142,-83.7313,"Alice C. Lloyd Hall, 100 Observatory St, Ann Arbor, MI 48109, USA",1.23,10.79,USD
237,UberX,CANCELED,2019-03-17 06:16:55 +0000 UTC,1970-01-01 00:00:00 +0000 UTC,42.27736,-83.73232,"1326 Geddes Ave, Ann Arbor, MI 48104, US",1970-01-01 00:00:00 +0000 UTC,42.27736,-83.73232,"1326 Geddes Ave, Ann Arbor, MI 48104, US",0.00,0,USD
237,UberX,COMPLETED,2019-03-16 20:58:47 +0000 UTC,2019-03-16 21:05:35 +0000 UTC,42.27412,-83.74703,"211 E Madison St, Ann Arbor, MI 48104, USA",2019-03-16 21:13:25 +0000 UTC,42.27988,-83.73106,"Ann Arbor, MI 48109, USA",1.60,6.52,USD
8,Express Pool: MATCHED,COMPLETED,2019-03-06 04:32:50 +0000 UTC,2019-03-06 04:36:12 +0000 UTC,38.92703,-77.01507,"111 Michigan Ave NW, Washington, DC 20010, USA",2019-03-06 05:22:00 +0000 UTC,38.89043,-76.90161,"6100 Baltic St, Capitol Heights, MD 20743, USA",12.55,9.37,USD
8,Express Pool,DRIVER_CANCELED,2019-03-06 04:24:23 +0000 UTC,1970-01-01 00:00:00 +0000 UTC,38.9133208,-77.0319234,"1360 Riggs St NW, Washington, DC 20009, US",1970-01-01 00:00:00 +0000 UTC,38.9176958,-77.0228344,"4865 Waterford Dr, Fort Worth, TX 76179, US",0.00,5,USD
8,Express Pool: MATCHED,COMPLETED,2019-03-05 22:58:27 +0000 UTC,2019-03-05 23:02:17 +0000 UTC,38.89623,-77.02951,"1273-1289 E St NW, Washington, DC 20004, USA",2019-03-05 23:16:49 +0000 UTC,38.92004,-77.02083,"2230 6th St NW, Washington, DC 20059, USA",2.32,5.8100000000000005,USD
237,UberX,CANCELED,2019-02-23 08:38:57 +0000 UTC,1970-01-01 00:00:00 +0000 UTC,42.27181,-83.74311,"507 Hill St, Ann Arbor, MI 48104, US",1970-01-01 00:00:00 +0000 UTC,42.27199745560212,-83.73576441269758,"1024 Hill St, Ann Arbor, MI 48104, US",0.00,0,USD
237,UberXL,COMPLETED,2019-02-23 05:08:15 +0000 UTC,2019-02-23 05:13:18 +0000 UTC,42.26739,-83.73691,"1006 Packard St, Ann Arbor, MI 48104, USA",2019-02-23 05:17:33 +0000 UTC,42.26418,-83.75402,"522 W Stadium Blvd, Ann Arbor, MI 48103, USA",1.54,10.4,USD
237,UberX,COMPLETED,2019-02-23 04:38:27 +0000 UTC,2019-02-23 04:45:38 +0000 UTC,42.27498,-83.73343,"Ann Arbor Plaza, 1220 S University Ave, Ann Arbor, MI 48104, USA",2019-02-23 04:49:03 +0000 UTC,42.26714,-83.73728,"849 Brookwood Pl, Ann Arbor, MI 48104, USA",0.73,6.52,USD
237,UberX,CANCELED,2019-02-17 05:08:27 +0000 UTC,1970-01-01 00:00:00 +0000 UTC,42.2785293,-83.7474183,"331 S 4th Ave, Ann Arbor, MI 48104, USA",1970-01-01 00:00:00 +0000 UTC,42.274172,-83.7476846,"109 E Madison St, Ann Arbor, MI 48104, US",0.00,0,USD
237,UberXL,COMPLETED,2019-02-17 03:06:38 +0000 UTC,2019-02-17 03:13:46 +0000 UTC,42.2738176,-83.7490187,"601 S Main St, Ann Arbor, MI 48104, USA",2019-02-17 03:19:15 +0000 UTC,42.2813457,-83.7417057,"615 E Huron St, Ann Arbor, MI 48104, USA",1.20,8.25,USD
237,UberX,COMPLETED,2019-02-17 02:07:27 +0000 UTC,2019-02-17 02:11:51 +0000 UTC,42.28159,-83.73108,"Alice C. Lloyd Hall, 100 Observatory St, Ann Arbor, MI 48109, USA",2019-02-17 02:18:23 +0000 UTC,42.27371,-83.74912,"604 S Main St, Ann Arbor, MI 48104, USA",1.69,6.73,USD
237,UberX,COMPLETED,2019-02-15 21:53:22 +0000 UTC,2019-02-15 21:55:59 +0000 UTC,42.3043966,-83.7086809,"2641 Plymouth Rd, Ann Arbor, MI 48105, USA",2019-02-15 22:02:20 +0000 UTC,42.2908606,-83.7132162,"Industrial and Operations Engineering Building, Beal Ave, Ann Arbor, MI 48109, USA",1.85,8.96,USD
237,UberX,COMPLETED,2019-02-11 02:44:59 +0000 UTC,2019-02-11 02:49:06 +0000 UTC,42.281399,-83.7312232,"Alice C. Lloyd Hall, 100 Observatory St, Ann Arbor, MI 48109, USA",2019-02-11 02:55:49 +0000 UTC,42.2965074,-83.7215083,"1760 Broadway St, Ann Arbor, MI 48105, USA",2.49,7.71,USD
237,UberX,COMPLETED,2019-02-10 18:13:43 +0000 UTC,2019-02-10 18:19:53 +0000 UTC,42.2387,-83.74376,"Ann Arbor, MI 48108, USA",2019-02-10 18:32:20 +0000 UTC,42.28156,-83.73138,"Alice C. Lloyd Hall, 100 Observatory St, Ann Arbor, MI 48109, USA",3.74,11.05,USD
237,UberX,COMPLETED,2019-02-07 19:45:17 +0000 UTC,2019-02-07 19:49:47 +0000 UTC,42.28137,-83.73108,"100 Observatory St, Ann Arbor, MI 48109, USA",2019-02-07 20:05:54 +0000 UTC,42.23886,-83.74383,"Ann Arbor, MI 48108, USA",3.73,10.11,USD
237,UberX,COMPLETED,2019-02-03 05:53:49 +0000 UTC,2019-02-03 06:00:24 +0000 UTC,42.29745,-83.72124,"1760 Broadway St, Ann Arbor, MI 48105, USA",2019-02-03 06:05:17 +0000 UTC,42.28167,-83.73108,"Ann Arbor, MI 48109, USA",2.29,7.65,USD
237,UberX,COMPLETED,2019-02-02 05:14:31 +0000 UTC,2019-02-02 05:21:41 +0000 UTC,42.28132,-83.73117,"Alice C. Lloyd Hall, 100 Observatory St, Ann Arbor, MI 48109, USA",2019-02-02 05:27:17 +0000 UTC,42.26963,-83.74197,"600 E Hoover Ave, Ann Arbor, MI 48104, USA",1.30,6.52,USD
237,UberX,COMPLETED,2019-01-27 17:59:24 +0000 UTC,2019-01-27 18:32:31 +0000 UTC,42.2390276,-83.7439689,"Ann Arbor, MI 48108, USA",2019-01-27 18:50:53 +0000 UTC,42.2815608,-83.731159,"Alice C. Lloyd Hall, 100 Observatory St, Ann Arbor, MI 48109, USA",4.69,11.17,USD
237,UberX,COMPLETED,2019-01-24 19:48:34 +0000 UTC,2019-01-24 19:56:42 +0000 UTC,42.28135,-83.73108,"Alice C. Lloyd Hall, 100 Observatory St, Ann Arbor, MI 48109, USA",2019-01-24 20:11:24 +0000 UTC,42.23881,-83.74378,"Ann Arbor, MI 48108, USA",4.31,10.45,USD
237,UberX,COMPLETED,2019-01-20 05:32:45 +0000 UTC,2019-01-20 05:36:52 +0000 UTC,42.28161,-83.73108,"Alice C. Lloyd Hall, 100 Observatory St, Ann Arbor, MI 48109, USA",2019-01-20 05:44:52 +0000 UTC,42.28268,-83.74843,"209 N Main St, Ann Arbor, MI 48104, USA",1.52,7.86,USD
237,UberX,COMPLETED,2018-12-20 23:45:55 +0000 UTC,2018-12-20 23:53:11 +0000 UTC,42.28165,-83.73118,"182 Observatory St, Ann Arbor, MI 48109, USA",2018-12-20 23:58:20 +0000 UTC,42.28758,-83.74319,"320 Depot St, Ann Arbor, MI 48104, USA",1.02,7.78,USD
237,UberX,COMPLETED,2018-12-14 19:53:55 +0000 UTC,2018-12-14 19:59:19 +0000 UTC,42.28226,-83.73251,"1300 E Ann St, Ann Arbor, MI 48109, USA",2018-12-14 20:06:18 +0000 UTC,42.28053,-83.74965,"122 W Washington St, Ann Arbor, MI 48104, USA",1.17,6.34,USD
237,UberX,DRIVER_CANCELED,2018-12-08 04:15:35 +0000 UTC,1970-01-01 00:00:00 +0000 UTC,42.2896889,-83.7960416,"Legends Trl & Sandy Lake Rd, Carrollton, Texas 75006, US",1970-01-01 00:00:00 +0000 UTC,42.2851984,-83.8015125,"3535 Jackson Rd, Ann Arbor, MI 48103, US",0.00,5,USD
237,UberXL,COMPLETED,2018-12-08 03:25:06 +0000 UTC,2018-12-08 03:29:21 +0000 UTC,42.2738,-83.7491,"604 S Main St, Ann Arbor, MI 48104, USA",2018-12-08 03:38:37 +0000 UTC,42.28548,-83.80195,"3530 Jackson Rd, Ann Arbor, MI 48103, USA",3.38,15.37,USD
237,UberXL,COMPLETED,2018-12-08 00:14:29 +0000 UTC,2018-12-08 00:26:25 +0000 UTC,42.29506,-83.71742,"2151 Hubbard Rd, Ann Arbor, MI 48105, USA",2018-12-08 00:39:24 +0000 UTC,42.27281,-83.749,"637 S Main St, Ann Arbor, MI 48104, USA",3.13,20.7,USD
237,UberX,COMPLETED,2018-12-01 07:24:32 +0000 UTC,2018-12-01 07:29:02 +0000 UTC,42.2651053,-83.7379046,"901 Woodlawn Ave, Ann Arbor, MI 48104, USA",2018-12-01 07:42:59 +0000 UTC,42.2950173,-83.7214947,"1780 Broadway St, Ann Arbor, MI 48105, USA",4.04,16.69,USD
237,UberX,COMPLETED,2018-11-25 17:57:47 +0000 UTC,2018-11-25 18:02:34 +0000 UTC,42.2388,-83.74378,"Ann Arbor, MI 48108, USA",2018-11-25 18:16:04 +0000 UTC,42.28165,-83.73137,"182 Observatory St, Ann Arbor, MI 48109, USA",3.63,9.11,USD
237,UberX,COMPLETED,2018-11-06 01:10:37 +0000 UTC,2018-11-06 01:15:33 +0000 UTC,42.27284,-83.73819,"729 Tappan Ave, Ann Arbor, MI 48109, USA",2018-11-06 01:21:44 +0000 UTC,42.28143,-83.73119,"200 Observatory St, Ann Arbor, MI 48109, USA",1.12,5.66,USD
237,UberX,COMPLETED,2018-11-02 15:08:43 +0000 UTC,2018-11-02 15:20:51 +0000 UTC,42.28166,-83.73128,"182 Observatory St, Ann Arbor, MI 48109, USA",2018-11-02 15:26:19 +0000 UTC,42.29128,-83.71788,"1290 Murfin Ave, Ann Arbor, MI 48109, USA",1.82,6.94,USD
237,UberX,COMPLETED,2018-10-07 00:01:42 +0000 UTC,2018-10-07 00:08:37 +0000 UTC,42.27837,-83.73127,"1371 N University Ct, Ann Arbor, MI 48104, USA",2018-10-07 00:12:08 +0000 UTC,42.2787,-83.73768,"769 N University Ave, Ann Arbor, MI 48109, USA",0.60,9.28,USD
237,UberX,COMPLETED,2018-10-06 23:36:41 +0000 UTC,2018-10-06 23:55:20 +0000 UTC,42.27854,-83.73121,"324 Observatory St, Ann Arbor, MI 48109, USA",2018-10-06 23:59:48 +0000 UTC,42.2787,-83.73758,"769 N University Ave, Ann Arbor, MI 48104, USA",0.46,0,USD
237,UberX,COMPLETED,2018-10-06 02:25:15 +0000 UTC,2018-10-06 02:32:48 +0000 UTC,42.29784,-83.72112,"2126 Plymouth Rd, Ann Arbor, MI 48105, USA",2018-10-06 02:43:47 +0000 UTC,42.27062,-83.74181,"913 Mary St, Ann Arbor, MI 48104, USA",3.36,9.67,USD
237,UberX,CANCELED,2018-09-30 06:02:34 +0000 UTC,1970-01-01 00:00:00 +0000 UTC,42.2658782,-83.7403876,"8555 Blanding Blvd, Jacksonville, FL 32244, US",1970-01-01 00:00:00 +0000 UTC,42.2696171,-83.7453995,"21 Washington Pl, New York, NY 10003, US",0.00,0,USD
237,UberX,COMPLETED,2018-09-22 15:47:18 +0000 UTC,2018-09-22 15:51:04 +0000 UTC,42.27418,-83.74184,"598 E Madison St, Ann Arbor, MI 48109, USA",2018-09-22 15:55:43 +0000 UTC,42.27835,-83.73118,"1368 N University Ct, Ann Arbor, MI 48104, USA",0.99,5.66,USD
237,uberX,COMPLETED,2018-04-28 02:51:18 +0000 UTC,2018-04-28 02:52:51 +0000 UTC,42.26845255441907,-83.74053515335231,"1107 S State St, Ann Arbor, MI 48104, USA",2018-04-28 03:00:11 +0000 UTC,42.28145740464542,-83.73117260642697,"200 Observatory St, Ann Arbor, MI 48109, USA",1.46,6.18,USD
237,uberX,FARE_SPLIT,2018-04-22 17:23:54 +0000 UTC,2018-04-22 17:26:10 +0000 UTC,,,,2018-04-22 17:34:22 +0000 UTC,,,,2.05,7.69,USD
237,uberX,COMPLETED,2018-04-22 12:40:20 +0000 UTC,2018-04-22 12:42:37 +0000 UTC,42.28113846636942,-83.73107533917629,"281 Observatory St, Ann Arbor, MI 48109, USA",2018-04-22 12:52:26 +0000 UTC,42.26584839081304,-83.74690546152652,"1319 S Main St, Ann Arbor, MI 48104, USA",2.58,7.12,USD
237,uberX,COMPLETED,2018-04-19 04:29:55 +0000 UTC,2018-04-19 04:35:29 +0000 UTC,42.26708336264301,-83.74050871616151,"1209 S State St, Ann Arbor, MI 48104, USA",2018-04-19 04:41:47 +0000 UTC,42.28164482400034,-83.73128810905267,"182 Observatory St, Ann Arbor, MI 48109, USA",1.58,6.46,USD
237,uberX,COMPLETED,2018-04-19 03:22:09 +0000 UTC,2018-04-19 03:30:11 +0000 UTC,42.2813488,-83.731116,"262 Observatory St, Ann Arbor, MI 48109, USA",2018-04-19 03:35:43 +0000 UTC,42.267052,-83.7404023,"1209 S State St, Ann Arbor, MI 48104, USA",1.39,6.38,USD
237,uberX,COMPLETED,2018-04-15 21:32:50 +0000 UTC,2018-04-15 21:39:36 +0000 UTC,42.28003406098345,-83.73713763928885,"207 Fletcher St, Ann Arbor, MI 48109, USA",2018-04-15 21:41:47 +0000 UTC,42.28142701671625,-83.73108060266166,"8 E Medical Center Dr, Ann Arbor, MI 48109, USA",0.52,7.66,USD
237,uberX,COMPLETED,2018-04-15 19:09:22 +0000 UTC,2018-04-15 19:15:07 +0000 UTC,42.28140878960703,-83.73114083901395,"200 Observatory St, Ann Arbor, MI 48109, USA",2018-04-15 19:18:38 +0000 UTC,42.27869957582168,-83.73768438666747,"769 N University Ave, Ann Arbor, MI 48104, USA",0.64,8.97,USD
237,uberX,COMPLETED,2018-04-15 06:14:47 +0000 UTC,2018-04-15 06:20:12 +0000 UTC,42.27487184644472,-83.73457759754545,"603 Church St, Ann Arbor, MI 48104, USA",2018-04-15 06:24:58 +0000 UTC,42.27973119518,-83.73104949092517,"310 Observatory St, Ann Arbor, MI 48109, USA",0.85,13.36,USD
237,uberX,COMPLETED,2018-04-15 03:31:03 +0000 UTC,2018-04-15 03:33:54 +0000 UTC,42.27497792898886,-83.73575352243175,"1100 S University Ave, Ann Arbor, MI 48104, USA",2018-04-15 03:35:56 +0000 UTC,42.27732884633224,-83.7419637465639,"425 Maynard St, Ann Arbor, MI 48104, USA",0.55,5.66,USD
237,uberX,COMPLETED,2018-04-15 02:59:25 +0000 UTC,2018-04-15 03:05:26 +0000 UTC,42.28114428604864,-83.7310753912627,"281 Observatory St, Ann Arbor, MI 48109, USA",2018-04-15 03:07:18 +0000 UTC,42.27470992333674,-83.73311647750249,"600 S Forest Ave, Ann Arbor, MI 48104, USA",0.49,12.59,USD
237,uberX,COMPLETED,2018-04-12 06:44:39 +0000 UTC,2018-04-12 06:48:04 +0000 UTC,42.2814031,-83.7311786,"200 Observatory St, Ann Arbor, MI 48109, USA",2018-04-12 06:53:42 +0000 UTC,42.2943675,-83.7238965,"2129 Hubbard Rd, Ann Arbor, MI 48105, USA",2.17,7.16,USD
237,uberX,COMPLETED,2018-04-01 16:26:03 +0000 UTC,2018-04-01 16:34:56 +0000 UTC,42.2964977,-83.734875,"1600 Peach St, Ann Arbor, MI 48105, USA",2018-04-01 16:52:37 +0000 UTC,42.2767634,-83.7311513,"1352 Observatory St, Ann Arbor, MI 48104, USA",2.26,11.43,USD
237,uberX,COMPLETED,2018-03-27 06:40:41 +0000 UTC,2018-03-27 06:46:05 +0000 UTC,42.2940968121878,-83.72424813628679,"2100 Hubbard Rd, Ann Arbor, MI 48105, USA",2018-03-27 06:51:17 +0000 UTC,42.28144426254455,-83.73108126259466,"201 Observatory St, Ann Arbor, MI 48109, USA",2.20,14.04,USD
45,uberX,COMPLETED,2018-03-23 02:09:55 +0000 UTC,2018-03-23 02:16:43 +0000 UTC,40.45156677785116,-80.00672606545855,"9 Children's Way, Pittsburgh, PA 15212, USA",2018-03-23 02:23:31 +0000 UTC,40.44080300757822,-79.99694564296513,"536 William Penn Pl, Pittsburgh, PA 15219, USA",1.27,0,USD
45,uberX,COMPLETED,2018-03-22 23:08:58 +0000 UTC,2018-03-22 23:25:25 +0000 UTC,40.44418947542356,-79.99550790018775,"201 10th St, Pittsburgh, PA 15222, USA",2018-03-22 23:35:25 +0000 UTC,40.45195702519614,-80.0065084269027,"6 Children's Way, Pittsburgh, PA 15212, USA",1.52,0,USD
237,uberX,COMPLETED,2018-03-21 11:46:10 +0000 UTC,2018-03-21 11:51:59 +0000 UTC,42.28157216993818,-83.73108126259466,"201 Observatory St, Ann Arbor, MI 48109, USA",2018-03-21 12:01:10 +0000 UTC,42.2755849594644,-83.74168703340342,"International Center, Ann Arbor, MI 48109, USA",1.45,8.75,USD
237,uberX,COMPLETED,2018-03-17 03:34:20 +0000 UTC,2018-03-17 03:38:07 +0000 UTC,42.2814793966078,-83.73108126259466,"201 Observatory St, Ann Arbor, MI 48109, USA",2018-03-17 03:44:30 +0000 UTC,42.26585331215915,-83.73881562990096,"808 Dewey Ave, Ann Arbor, MI 48104, USA",1.50,5.69,USD
237,uberX,COMPLETED,2018-03-11 08:25:24 +0000 UTC,2018-03-11 08:29:44 +0000 UTC,42.2741052,-83.7416582,"636 E Madison St, Ann Arbor, MI 48109, USA",2018-03-11 08:34:44 +0000 UTC,42.281699,-83.7312947,"100 Observatory St, Ann Arbor, MI 48109, USA",1.19,8.13,USD
237,uberX,COMPLETED,2018-03-10 06:19:25 +0000 UTC,2018-03-10 06:24:26 +0000 UTC,42.281403,-83.7311822,"200 Observatory St, Ann Arbor, MI 48109, USA",2018-03-10 06:31:24 +0000 UTC,42.2668045,-83.7404259,"1215 S State St, Ann Arbor, MI 48104, USA",1.43,8.03,USD
237,uberX,COMPLETED,2018-03-04 18:00:50 +0000 UTC,2018-03-04 18:22:39 +0000 UTC,42.23867789052465,-83.74376129415776,"900 Briarwood Cir, Ann Arbor, MI 48108, USA",2018-03-04 18:36:26 +0000 UTC,42.281672693828384,-83.7313122489338,"182 Observatory St, Ann Arbor, MI 48109, USA",3.60,11.4,USD
237,uberX,COMPLETED,2018-02-24 13:26:54 +0000 UTC,2018-02-24 13:38:40 +0000 UTC,42.28140015624676,-83.73116221286703,"200 Observatory St, Ann Arbor, MI 48109, USA",2018-02-24 13:49:26 +0000 UTC,42.23872771956235,-83.74381151058128,"900 Briarwood Cir, Ann Arbor, MI 48108, USA",3.67,11.03,USD
237,uberX,COMPLETED,2018-02-10 13:22:35 +0000 UTC,2018-02-10 13:25:46 +0000 UTC,42.2814532,-83.7311938,"200 Observatory St, Ann Arbor, MI 48109, USA",2018-02-10 13:37:36 +0000 UTC,42.238519,-83.7437448,"900 Briarwood Cir, Ann Arbor, MI 48108, USA",3.58,10.85,USD
237,uberX,COMPLETED,2018-02-10 04:38:18 +0000 UTC,2018-02-10 04:45:13 +0000 UTC,42.26736788641873,-83.74052513398578,"1207 S State St, Ann Arbor, MI 48104, USA",2018-02-10 04:53:17 +0000 UTC,42.28141837532607,-83.73108022177892,"201 Observatory St, Ann Arbor, MI 48109, USA",1.55,10.96,USD
237,uberX,COMPLETED,2018-02-03 06:07:53 +0000 UTC,2018-02-03 06:12:09 +0000 UTC,42.2659244,-83.7354501,"942 Dewey Ave, Ann Arbor, MI 48104, USA",2018-02-03 06:18:48 +0000 UTC,42.2814539,-83.7311745,"200 Observatory St, Ann Arbor, MI 48109, USA",1.57,8.45,USD
237,uberX,COMPLETED,2018-01-28 17:35:56 +0000 UTC,2018-01-28 17:40:35 +0000 UTC,42.27662790272557,-83.74193713408602,"435 Maynard St, Ann Arbor, MI 48109, USA",2018-01-28 17:45:38 +0000 UTC,42.28105699306255,-83.73107460998584,"281 Observatory St, Ann Arbor, MI 48109, USA",1.30,5.4,USD
237,uberX,DRIVER_CANCELED,2018-01-28 17:28:47 +0000 UTC,1970-01-01 00:00:00 +0000 UTC,42.27550535660249,-83.74314235659553,"508 Thompson St, Ann Arbor, MI 48104, US",1970-01-01 00:00:00 +0000 UTC,42.27683552295763,-83.74194501275892,"515 E Jefferson St, Ann Arbor, MI 48109, US",0.00,5,USD
237,uberX,COMPLETED,2018-01-14 06:09:45 +0000 UTC,2018-01-14 06:12:37 +0000 UTC,42.2741792143175,-83.74164818183795,"636 E Madison St, Ann Arbor, MI 48109, USA",2018-01-14 06:17:24 +0000 UTC,42.28159082130321,-83.73108126259466,"201 Observatory St, Ann Arbor, MI 48109, USA",1.16,5.42,USD
237,uberX,COMPLETED,2017-12-19 19:32:53 +0000 UTC,2017-12-19 19:37:52 +0000 UTC,42.2816279,-83.7312334,"182 Observatory St, Ann Arbor, MI 48109, USA",2017-12-19 19:48:09 +0000 UTC,42.2387614,-83.7438208,"900 Briarwood Cir, Ann Arbor, MI 48108, USA",3.86,8.6,USD
237,uberX,COMPLETED,2017-11-26 23:28:07 +0000 UTC,2017-11-26 23:44:06 +0000 UTC,42.2385893,-83.7437274,"32-11 Broadway, Astoria, NY 11106, US",2017-11-27 00:00:20 +0000 UTC,42.2816507,-83.7314731,"100 Observatory St, Ann Arbor, MI 48109, US",4.48,8.78,USD
237,uberX,COMPLETED,2017-11-22 13:22:36 +0000 UTC,2017-11-22 13:27:38 +0000 UTC,42.28164402139703,-83.73108126259466,"100 Observatory St, Ann Arbor, MI 48109, US",2017-11-22 13:42:02 +0000 UTC,42.24336990396105,-83.73913424415171,"S State St & Mall Dr, Ann Arbor, Michigan 48108, US",4.14,9.48,USD
237,uberX,COMPLETED,2017-11-19 01:04:05 +0000 UTC,2017-11-19 01:10:31 +0000 UTC,42.2814247,-83.7311832,"100 Observatory St, Ann Arbor, MI 48109, US",2017-11-19 01:15:51 +0000 UTC,42.2794331,-83.7419591,"3265 Brinkley Rd, Temple Hills, MD 20748, US",0.92,7.53,USD
237,uberX,COMPLETED,2017-11-10 03:02:15 +0000 UTC,2017-11-10 03:04:53 +0000 UTC,42.282993,-83.7484174,"200 N Main St, Ann Arbor, MI 48104, US",2017-11-10 03:09:48 +0000 UTC,42.2814694,-83.7311756,"100 Observatory St, Ann Arbor, MI 48109, US",1.61,5.47,USD
237,uberX,COMPLETED,2017-11-10 01:00:15 +0000 UTC,2017-11-10 01:01:52 +0000 UTC,42.2816444,-83.7312966,"100 Observatory St, Ann Arbor, MI 48109, US",2017-11-10 01:07:37 +0000 UTC,42.2831333,-83.7483562,"220 N Main St, Ann Arbor, MI 48104, US",1.13,7.07,USD
237,uberX,CANCELED,2017-10-22 05:55:28 +0000 UTC,1970-01-01 00:00:00 +0000 UTC,,,,1970-01-01 00:00:00 +0000 UTC,,,,0.00,0,USD
237,uberX,DRIVER_CANCELED,2017-10-17 17:00:24 +0000 UTC,1970-01-01 00:00:00 +0000 UTC,,,,1970-01-01 00:00:00 +0000 UTC,,,,0.00,5,USD
237,uberX,COMPLETED,2017-10-13 18:42:00 +0000 UTC,2017-10-13 18:50:37 +0000 UTC,42.28158293448055,-83.73108126259466,"201 Observatory St, Ann Arbor, MI 48109, USA",2017-10-13 19:02:08 +0000 UTC,42.23885265182912,-83.74381871901801,"900 Briarwood Cir, Ann Arbor, MI 48108, USA",3.55,16.3,USD
237,uberX,COMPLETED,2017-10-12 14:06:18 +0000 UTC,2017-10-12 14:13:07 +0000 UTC,42.28280999444697,-83.74718222581214,"211 N 4th Ave, Ann Arbor, MI 48104, USA",2017-10-12 14:18:43 +0000 UTC,42.28105588884598,-83.73107460010304,"281 Observatory St, Ann Arbor, MI 48109, USA",1.14,5.54,USD
237,uberX,COMPLETED,2017-10-12 13:44:52 +0000 UTC,2017-10-12 13:46:37 +0000 UTC,42.2814738958449,-83.73108126259466,"201 Observatory St, Ann Arbor, MI 48109, USA",2017-10-12 13:51:46 +0000 UTC,42.28288015776673,-83.74717832431378,"213 N 4th Ave, Ann Arbor, MI 48104, USA",1.46,5.35,USD
